ELECRRIC_VEHICLE_TIMEPOINTS_1,ELECRRIC_VEHICLE_TIMEPOINTS_2,StateOfChargeOfEV
Chongqing-Ev,2025.01.22.00,5454.694980000001
Chongqing-Ev,2025.01.22.04,5424.851664000001
Chongqing-Ev,2025.01.22.08,5242.4758440000005
Chongqing-Ev,2025.01.22.12,4476.4974
Chongqing-Ev,2025.01.22.16,3868.578
Chongqing-Ev,2025.01.22.20,5476.801140000001
Chongqing-Ev,2025.02.08.00,4986.044388
Chongqing-Ev,2025.02.08.04,4962.83292
Chongqing-Ev,2025.02.08.08,3868.578
Chongqing-Ev,2025.02.08.12,4773.1344345
Chongqing-Ev,2025.02.08.16,4999.308084
Chongqing-Ev,2025.02.08.20,4999.308084
Chongqing-Ev,2025.03.21.00,6223.989347999999
Chongqing-Ev,2025.03.21.04,6190.830107999999
Chongqing-Ev,2025.03.21.08,5643.7026479999995
Chongqing-Ev,2025.03.21.12,4962.83292
Chongqing-Ev,2025.03.21.16,3868.578
Chongqing-Ev,2025.03.21.20,6232.831811999999
Chongqing-Ev,2025.04.11.00,6175.355795999999
Chongqing-Ev,2025.04.11.04,6168.723947999999
Chongqing-Ev,2025.04.11.08,5074.4690279999995
Chongqing-Ev,2025.04.11.12,4648.925448
Chongqing-Ev,2025.04.11.16,4405.757688
Chongqing-Ev,2025.04.11.20,3868.578
Chongqing-Ev,2025.05.22.00,6839.452475100001
Chongqing-Ev,2025.05.22.04,6839.452475100001
Chongqing-Ev,2025.05.22.08,5204.895372000001
Chongqing-Ev,2025.05.22.12,4949.569224000001
Chongqing-Ev,2025.05.22.16,4584.817584
Chongqing-Ev,2025.05.22.20,3868.578
Chongqing-Ev,2025.06.16.00,6102.405468
Chongqing-Ev,2025.06.16.04,6069.246228
Chongqing-Ev,2025.06.16.08,5157.367128
Chongqing-Ev,2025.06.16.12,4476.4974
Chongqing-Ev,2025.06.16.16,3868.578
Chongqing-Ev,2025.06.16.20,6137.775324
Chongqing-Ev,2025.07.22.00,4344.7723191000005
Chongqing-Ev,2025.07.22.04,4591.2560031
Chongqing-Ev,2025.07.22.08,3868.578
Chongqing-Ev,2025.07.22.12,4517.8082865
Chongqing-Ev,2025.07.22.16,7316.3349572044135
Chongqing-Ev,2025.07.22.20,8285.2379271
Chongqing-Ev,2025.08.19.00,11702.4704046
Chongqing-Ev,2025.08.19.04,11942.3222406
Chongqing-Ev,2025.08.19.08,11037.2684175
Chongqing-Ev,2025.08.19.12,11346.063839999999
Chongqing-Ev,2025.08.19.16,3868.578
Chongqing-Ev,2025.08.19.20,8726.5724562
Chongqing-Ev,2025.09.20.00,5599.2968991
Chongqing-Ev,2025.09.20.04,5855.7283551
Chongqing-Ev,2025.09.20.08,4038.795432
Chongqing-Ev,2025.09.20.12,3868.578
Chongqing-Ev,2025.09.20.16,6829.582496526446
Chongqing-Ev,2025.09.20.20,6740.568236496333
Chongqing-Ev,2025.10.26.00,4703.08554
Chongqing-Ev,2025.10.26.04,4962.83292
Chongqing-Ev,2025.10.26.08,3868.578
Chongqing-Ev,2025.10.26.12,3868.578
Chongqing-Ev,2025.10.26.16,3868.578
Chongqing-Ev,2025.10.26.20,3868.578
Chongqing-Ev,2025.11.19.00,6265.7976231
Chongqing-Ev,2025.11.19.04,6232.6383831
Chongqing-Ev,2025.11.19.08,5327.58456
Chongqing-Ev,2025.11.19.12,4476.4974
Chongqing-Ev,2025.11.19.16,3868.578
Chongqing-Ev,2025.11.19.20,3868.578
Chongqing-Ev,2025.12.16.00,3868.578
Chongqing-Ev,2025.12.16.04,4125.009456
Chongqing-Ev,2025.12.16.08,3949.4589128999996
Chongqing-Ev,2025.12.16.12,4210.1181719999995
Chongqing-Ev,2025.12.16.16,3966.9504119999997
Chongqing-Ev,2025.12.16.20,3877.420464
Henan-Ev,2025.01.22.00,19973.7362715
Henan-Ev,2025.01.22.04,19963.693579500003
Henan-Ev,2025.01.22.08,14992.561039500002
Henan-Ev,2025.01.22.12,15670.024304000002
Henan-Ev,2025.01.22.16,11987.626684000003
Henan-Ev,2025.01.22.20,11716.474000000002
Henan-Ev,2025.02.08.00,19107.895312000004
Henan-Ev,2025.02.08.04,19007.468392000002
Henan-Ev,2025.02.08.08,14036.335852000002
Henan-Ev,2025.02.08.12,11716.474000000002
Henan-Ev,2025.02.08.16,11716.474000000002
Henan-Ev,2025.02.08.20,11716.474000000002
Henan-Ev,2025.03.21.00,19948.133876000004
Henan-Ev,2025.03.21.04,19938.091184000004
Henan-Ev,2025.03.21.08,14414.610584000002
Henan-Ev,2025.03.21.12,14156.848156000002
Henan-Ev,2025.03.21.16,14156.848156000002
Henan-Ev,2025.03.21.20,11716.474000000002
Henan-Ev,2025.04.11.00,19181.54172
Henan-Ev,2025.04.11.04,19928.048492
Henan-Ev,2025.04.11.08,14956.915952000001
Henan-Ev,2025.04.11.12,13925.866240000001
Henan-Ev,2025.04.11.16,11716.474000000002
Henan-Ev,2025.04.11.20,11716.474000000002
Henan-Ev,2025.05.22.00,16973.659003800003
Henan-Ev,2025.05.22.04,16943.527807800005
Henan-Ev,2025.05.22.08,15307.154835500003
Henan-Ev,2025.05.22.12,15726.855672000003
Henan-Ev,2025.05.22.16,13885.695472000003
Henan-Ev,2025.05.22.20,11716.474000000002
Henan-Ev,2025.06.16.00,16980.3541318
Henan-Ev,2025.06.16.04,16910.0521678
Henan-Ev,2025.06.16.08,13064.286955500002
Henan-Ev,2025.06.16.12,15030.562360000002
Henan-Ev,2025.06.16.16,11716.474000000002
Henan-Ev,2025.06.16.20,14752.970558997942
Henan-Ev,2025.07.22.00,17588.101256000005
Henan-Ev,2025.07.22.04,17568.015872000004
Henan-Ev,2025.07.22.08,15358.623632000003
Henan-Ev,2025.07.22.12,15358.623632000003
Henan-Ev,2025.07.22.16,13885.695472000003
Henan-Ev,2025.07.22.20,11716.474000000002
Henan-Ev,2025.08.19.00,15084.123384000004
Henan-Ev,2025.08.19.04,14993.739156000003
Henan-Ev,2025.08.19.08,12231.998856000002
Henan-Ev,2025.08.19.12,11716.474000000002
Henan-Ev,2025.08.19.16,17266.735112000006
Henan-Ev,2025.08.19.20,15097.513640000005
Henan-Ev,2025.09.20.00,13964.1989678
Henan-Ev,2025.09.20.04,13964.195847800002
Henan-Ev,2025.09.20.08,12880.170935500002
Henan-Ev,2025.09.20.12,13557.634200000002
Henan-Ev,2025.09.20.16,11716.474000000002
Henan-Ev,2025.09.20.20,14044.5405038
Henan-Ev,2025.10.26.00,15662.669252300002
Henan-Ev,2025.10.26.04,15562.239212300003
Henan-Ev,2025.10.26.08,11716.474000000002
Henan-Ev,2025.10.26.12,14198.274260500002
Henan-Ev,2025.10.26.16,11988.804800500004
Henan-Ev,2025.10.26.20,15702.840020300002
Henan-Ev,2025.11.19.00,15130.989280000002
Henan-Ev,2025.11.19.04,15030.562360000002
Henan-Ev,2025.11.19.08,11716.474000000002
Henan-Ev,2025.11.19.12,14713.799116500002
Henan-Ev,2025.11.19.16,12504.329656500004
Henan-Ev,2025.11.19.20,15238.111328
Henan-Ev,2025.12.16.00,14568.598528000004
Henan-Ev,2025.12.16.04,14478.214300000003
Henan-Ev,2025.12.16.08,11716.474000000002
Henan-Ev,2025.12.16.12,14198.274260500002
Henan-Ev,2025.12.16.16,13461.732960500003
Henan-Ev,2025.12.16.20,12919.427592500004
Hubei-Ev,2025.01.22.00,6210.8164480000005
Hubei-Ev,2025.01.22.04,6587.7094400000005
Hubei-Ev,2025.01.22.08,5542.544000000001
Hubei-Ev,2025.01.22.12,6106.893748
Hubei-Ev,2025.01.22.16,6055.625216
Hubei-Ev,2025.01.22.20,5542.544000000001
Hubei-Ev,2025.02.08.00,5590.051520000001
Hubei-Ev,2025.02.08.04,5542.544000000001
Hubei-Ev,2025.02.08.08,5542.544000000001
Hubei-Ev,2025.02.08.12,5542.544000000001
Hubei-Ev,2025.02.08.16,5670.814304
Hubei-Ev,2025.02.08.20,5542.544000000001
Hubei-Ev,2025.03.21.00,7632.597752800001
Hubei-Ev,2025.03.21.04,7623.096248800001
Hubei-Ev,2025.03.21.08,5542.544000000001
Hubei-Ev,2025.03.21.12,6472.701652000001
Hubei-Ev,2025.03.21.16,7946.147384800001
Hubei-Ev,2025.03.21.20,7689.606776800001
Hubei-Ev,2025.04.11.00,8071.527648000001
Hubei-Ev,2025.04.11.04,8033.521632000001
Hubei-Ev,2025.04.11.08,7510.9389120000005
Hubei-Ev,2025.04.11.12,6413.515200000001
Hubei-Ev,2025.04.11.16,5542.544000000001
Hubei-Ev,2025.04.11.20,5542.544000000001
Hubei-Ev,2025.05.22.00,7776.1100528000015
Hubei-Ev,2025.05.22.04,8138.750788800002
Hubei-Ev,2025.05.22.08,5796.907180000001
Hubei-Ev,2025.05.22.12,6239.320960000001
Hubei-Ev,2025.05.22.16,5542.544000000001
Hubei-Ev,2025.05.22.20,5542.544000000001
Hubei-Ev,2025.06.16.00,7627.847000800001
Hubei-Ev,2025.06.16.04,7623.096248800001
Hubei-Ev,2025.06.16.08,5542.544000000001
Hubei-Ev,2025.06.16.12,5542.544000000001
Hubei-Ev,2025.06.16.16,8525.739128800002
Hubei-Ev,2025.06.16.20,7627.847000800001
Hubei-Ev,2025.07.22.00,7241.452504800001
Hubei-Ev,2025.07.22.04,7623.096248800001
Hubei-Ev,2025.07.22.08,5542.544000000001
Hubei-Ev,2025.07.22.12,5863.021812000001
Hubei-Ev,2025.07.22.16,7437.909221386559
Hubei-Ev,2025.07.22.20,6155.148617386559
Hubei-Ev,2025.08.19.00,6578.920548800001
Hubei-Ev,2025.08.19.04,6578.920548800001
Hubei-Ev,2025.08.19.08,6066.116460000001
Hubei-Ev,2025.08.19.12,6752.4021760000005
Hubei-Ev,2025.08.19.16,6055.625216
Hubei-Ev,2025.08.19.20,5542.544000000001
Hubei-Ev,2025.09.20.00,6345.143960800002
Hubei-Ev,2025.09.20.04,6316.639448800001
Hubei-Ev,2025.09.20.08,5542.544000000001
Hubei-Ev,2025.09.20.12,5984.957780000001
Hubei-Ev,2025.09.20.16,7377.640728800002
Hubei-Ev,2025.09.20.20,6351.478296800002
Hubei-Ev,2025.10.26.00,8164.681976800001
Hubei-Ev,2025.10.26.04,8145.678968800002
Hubei-Ev,2025.10.26.08,5542.544000000001
Hubei-Ev,2025.10.26.12,5741.085844
Hubei-Ev,2025.10.26.16,5566.891604
Hubei-Ev,2025.10.26.20,5566.834040000001
Hubei-Ev,2025.11.19.00,7881.4975680000025
Hubei-Ev,2025.11.19.04,8225.135296000002
Hubei-Ev,2025.11.19.08,6918.678496000001
Hubei-Ev,2025.11.19.12,6065.126720000001
Hubei-Ev,2025.11.19.16,5542.544000000001
Hubei-Ev,2025.11.19.20,5542.544000000001
Hubei-Ev,2025.12.16.00,7754.533720800002
Hubei-Ev,2025.12.16.04,8145.678968800002
Hubei-Ev,2025.12.16.08,5542.544000000001
Hubei-Ev,2025.12.16.12,6960.445524000001
Hubei-Ev,2025.12.16.16,6437.862804
Hubei-Ev,2025.12.16.20,5924.781588
Hunan-Ev,2025.01.22.00,5081.874
Hunan-Ev,2025.01.22.04,5081.874
Hunan-Ev,2025.01.22.08,5081.874
Hunan-Ev,2025.01.22.12,5081.874
Hunan-Ev,2025.01.22.16,6257.96484
Hunan-Ev,2025.01.22.20,5081.874
Hunan-Ev,2025.02.08.00,6491.731043999999
Hunan-Ev,2025.02.08.04,6487.375152
Hunan-Ev,2025.02.08.08,5529.078912
Hunan-Ev,2025.02.08.12,5081.874
Hunan-Ev,2025.02.08.16,5081.874
Hunan-Ev,2025.02.08.20,5081.874
Hunan-Ev,2025.03.21.00,5285.802343799999
Hunan-Ev,2025.03.21.04,5609.590315799999
Hunan-Ev,2025.03.21.08,5618.5561935
Hunan-Ev,2025.03.21.12,6359.60232
Hunan-Ev,2025.03.21.16,5081.874
Hunan-Ev,2025.03.21.20,5081.874
Hunan-Ev,2025.04.11.00,9627.719190300002
Hunan-Ev,2025.04.11.04,9960.218946300001
Hunan-Ev,2025.04.11.08,7573.444224000001
Hunan-Ev,2025.04.11.12,6679.0344000000005
Hunan-Ev,2025.04.11.16,5081.874
Hunan-Ev,2025.04.11.20,6312.850961479523
Hunan-Ev,2025.05.22.00,6767.3501103
Hunan-Ev,2025.05.22.04,6749.9265423
Hunan-Ev,2025.05.22.08,5081.874
Hunan-Ev,2025.05.22.12,5822.9201265
Hunan-Ev,2025.05.22.16,5199.4830839999995
Hunan-Ev,2025.05.22.20,5081.874
Hunan-Ev,2025.06.16.00,7422.185874299999
Hunan-Ev,2025.06.16.04,7772.1091983
Hunan-Ev,2025.06.16.08,5864.482596
Hunan-Ev,2025.06.16.12,5081.874
Hunan-Ev,2025.06.16.16,10532.349215107568
Hunan-Ev,2025.06.16.20,7327.744542590006
Hunan-Ev,2025.07.22.00,6724.045283999999
Hunan-Ev,2025.07.22.04,6710.977607999999
Hunan-Ev,2025.07.22.08,5752.681368
Hunan-Ev,2025.07.22.12,5081.874
Hunan-Ev,2025.07.22.16,5081.874
Hunan-Ev,2025.07.22.20,5081.874
Hunan-Ev,2025.08.19.00,6566.927745000001
Hunan-Ev,2025.08.19.04,6895.0716090000005
Hunan-Ev,2025.08.19.08,5697.201309000001
Hunan-Ev,2025.08.19.12,5473.598853000001
Hunan-Ev,2025.08.19.16,12752.657376
Hunan-Ev,2025.08.19.20,5081.874
Hunan-Ev,2025.09.20.00,6195.276294299999
Hunan-Ev,2025.09.20.04,6510.352482299999
Hunan-Ev,2025.09.20.08,5081.874
Hunan-Ev,2025.09.20.12,5081.874
Hunan-Ev,2025.09.20.16,7394.598558299998
Hunan-Ev,2025.09.20.20,6218.5077182999985
Hunan-Ev,2025.10.26.00,6771.706002299999
Hunan-Ev,2025.10.26.04,6749.9265423
Hunan-Ev,2025.10.26.08,5081.874
Hunan-Ev,2025.10.26.12,5599.3176705000005
Hunan-Ev,2025.10.26.16,5599.3176705000005
Hunan-Ev,2025.10.26.20,5599.3176705000005
Hunan-Ev,2025.11.19.00,5922.561156
Hunan-Ev,2025.11.19.04,5896.4258039999995
Hunan-Ev,2025.11.19.08,5417.277684
Hunan-Ev,2025.11.19.12,5081.874
Hunan-Ev,2025.11.19.16,5081.874
Hunan-Ev,2025.11.19.20,5969.024004
Hunan-Ev,2025.12.16.00,7140.5048583
Hunan-Ev,2025.12.16.04,7468.6487222999995
Hunan-Ev,2025.12.16.08,5081.874
Hunan-Ev,2025.12.16.12,5375.7152145
Hunan-Ev,2025.12.16.16,5317.092168
Hunan-Ev,2025.12.16.20,5081.874
Jiangxi-Ev,2025.01.22.00,3997.7933706000003
Jiangxi-Ev,2025.01.22.04,4224.8751386
Jiangxi-Ev,2025.01.22.08,3297.8680000000004
Jiangxi-Ev,2025.01.22.12,3297.8680000000004
Jiangxi-Ev,2025.01.22.16,3374.1900880000003
Jiangxi-Ev,2025.01.22.20,3297.8680000000004
Jiangxi-Ev,2025.02.08.00,3758.4623786000006
Jiangxi-Ev,2025.02.08.04,3758.4623786000006
Jiangxi-Ev,2025.02.08.08,3297.8680000000004
Jiangxi-Ev,2025.02.08.12,3778.767823
Jiangxi-Ev,2025.02.08.16,3603.1563520000004
Jiangxi-Ev,2025.02.08.20,3297.8680000000004
Jiangxi-Ev,2025.03.21.00,4124.6435076
Jiangxi-Ev,2025.03.21.04,4334.7648116
Jiangxi-Ev,2025.03.21.08,3563.228593
Jiangxi-Ev,2025.03.21.12,4334.3408
Jiangxi-Ev,2025.03.21.16,3297.8680000000004
Jiangxi-Ev,2025.03.21.20,3297.8680000000004
Jiangxi-Ev,2025.04.11.00,3297.8680000000004
Jiangxi-Ev,2025.04.11.04,3505.16256
Jiangxi-Ev,2025.04.11.08,3349.69164
Jiangxi-Ev,2025.04.11.12,3694.6119720000006
Jiangxi-Ev,2025.04.11.16,3694.6119720000006
Jiangxi-Ev,2025.04.11.20,3312.9439680000005
Jiangxi-Ev,2025.05.22.00,4860.895658599995
Jiangxi-Ev,2025.05.22.04,4846.758818599995
Jiangxi-Ev,2025.05.22.08,3297.8679999999945
Jiangxi-Ev,2025.05.22.12,3416.002342999994
Jiangxi-Ev,2025.05.22.16,5181.317542599995
Jiangxi-Ev,2025.05.22.20,4875.971626599995
Jiangxi-Ev,2025.06.16.00,4549.9538186
Jiangxi-Ev,2025.06.16.04,4535.8169786
Jiangxi-Ev,2025.06.16.08,3297.8680000000004
Jiangxi-Ev,2025.06.16.12,3488.555439
Jiangxi-Ev,2025.06.16.16,5236.9527626
Jiangxi-Ev,2025.06.16.20,4549.9964066
Jiangxi-Ev,2025.07.22.00,3297.8680000000004
Jiangxi-Ev,2025.07.22.04,3297.8680000000004
Jiangxi-Ev,2025.07.22.08,3303.6863814000003
Jiangxi-Ev,2025.07.22.12,3639.4800124000003
Jiangxi-Ev,2025.07.22.16,3450.512176
Jiangxi-Ev,2025.07.22.20,3297.8680000000004
Jiangxi-Ev,2025.08.19.00,4539.2326276
Jiangxi-Ev,2025.08.19.04,4522.272163600001
Jiangxi-Ev,2025.08.19.08,4061.6777850000003
Jiangxi-Ev,2025.08.19.12,4252.365224
Jiangxi-Ev,2025.08.19.16,3526.8342640000005
Jiangxi-Ev,2025.08.19.20,3297.8680000000004
Jiangxi-Ev,2025.09.20.00,4405.7867546
Jiangxi-Ev,2025.09.20.04,4380.3460586
Jiangxi-Ev,2025.09.20.08,3297.8680000000004
Jiangxi-Ev,2025.09.20.12,3778.767823
Jiangxi-Ev,2025.09.20.16,4596.120850599999
Jiangxi-Ev,2025.09.20.20,4443.4766746
Jiangxi-Ev,2025.10.26.00,3628.4321546000006
Jiangxi-Ev,2025.10.26.04,3602.9914586000004
Jiangxi-Ev,2025.10.26.08,3297.8680000000004
Jiangxi-Ev,2025.10.26.12,3561.1085350000003
Jiangxi-Ev,2025.10.26.16,3561.1085350000003
Jiangxi-Ev,2025.10.26.20,3658.5840906000008
Jiangxi-Ev,2025.11.19.00,4023.2340666
Jiangxi-Ev,2025.11.19.04,4255.9693226
Jiangxi-Ev,2025.11.19.08,3950.8458640000003
Jiangxi-Ev,2025.11.19.12,3297.8680000000004
Jiangxi-Ev,2025.11.19.16,4820.3758746
Jiangxi-Ev,2025.11.19.20,4057.1549946
Jiangxi-Ev,2025.12.16.00,4180.236139600001
Jiangxi-Ev,2025.12.16.04,4387.530699600001
Jiangxi-Ev,2025.12.16.08,3926.936321000001
Jiangxi-Ev,2025.12.16.12,4045.0706640000008
Jiangxi-Ev,2025.12.16.16,3526.8342640000005
Jiangxi-Ev,2025.12.16.20,3297.8680000000004
Sichuan-Ev,2025.01.22.00,36838.206370510845
Sichuan-Ev,2025.01.22.04,36727.23439051084
Sichuan-Ev,2025.01.22.08,34928.876290510845
Sichuan-Ev,2025.01.22.12,34089.64251051084
Sichuan-Ev,2025.01.22.16,38146.99
Sichuan-Ev,2025.01.22.20,37967.68929851084
Sichuan-Ev,2025.02.08.00,8760.306520000002
Sichuan-Ev,2025.02.08.04,8662.413508000001
Sichuan-Ev,2025.02.08.08,8300.785024
Sichuan-Ev,2025.02.08.12,7629.398
Sichuan-Ev,2025.02.08.16,11854.933972000003
Sichuan-Ev,2025.02.08.20,9881.070136000002
Sichuan-Ev,2025.03.21.00,12237.554392
Sichuan-Ev,2025.03.21.04,12185.23852
Sichuan-Ev,2025.03.21.08,9307.86556
Sichuan-Ev,2025.03.21.12,9307.86556
Sichuan-Ev,2025.03.21.16,7629.398
Sichuan-Ev,2025.03.21.20,12316.0282
Sichuan-Ev,2025.04.11.00,9259.854772
Sichuan-Ev,2025.04.11.04,9161.96176
Sichuan-Ev,2025.04.11.08,8080.990036
Sichuan-Ev,2025.04.11.12,7629.398
Sichuan-Ev,2025.04.11.16,13431.317256
Sichuan-Ev,2025.04.11.20,10398.057012000001
Sichuan-Ev,2025.05.22.00,8374.5177061
Sichuan-Ev,2025.05.22.04,8335.2808021
Sichuan-Ev,2025.05.22.08,7629.398
Sichuan-Ev,2025.05.22.12,8406.2342035
Sichuan-Ev,2025.05.22.16,9041.926544
Sichuan-Ev,2025.05.22.20,7629.398
Sichuan-Ev,2025.06.16.00,14105.666987999999
Sichuan-Ev,2025.06.16.04,14092.58802
Sichuan-Ev,2025.06.16.08,11574.88668
Sichuan-Ev,2025.06.16.12,10064.265876
Sichuan-Ev,2025.06.16.16,8865.360476
Sichuan-Ev,2025.06.16.20,7629.398
Sichuan-Ev,2025.07.22.00,9654.076742100002
Sichuan-Ev,2025.07.22.04,10133.638902100001
Sichuan-Ev,2025.07.22.08,7629.398
Sichuan-Ev,2025.07.22.12,8406.2342035
Sichuan-Ev,2025.07.22.16,9779.827904
Sichuan-Ev,2025.07.22.20,7629.398
Sichuan-Ev,2025.08.19.00,9113.4793981
Sichuan-Ev,2025.08.19.04,9054.6240421
Sichuan-Ev,2025.08.19.08,7629.398
Sichuan-Ev,2025.08.19.12,7629.398
Sichuan-Ev,2025.08.19.16,7629.398
Sichuan-Ev,2025.08.19.20,9139.6373341
Sichuan-Ev,2025.09.20.00,9833.204108
Sichuan-Ev,2025.09.20.04,9787.42772
Sichuan-Ev,2025.09.20.08,7629.398
Sichuan-Ev,2025.09.20.12,7629.398
Sichuan-Ev,2025.09.20.16,10203.774868
Sichuan-Ev,2025.09.20.20,9850.642732
Sichuan-Ev,2025.10.26.00,14371.606004000001
Sichuan-Ev,2025.10.26.04,14365.06652
Sichuan-Ev,2025.10.26.08,10768.35032
Sichuan-Ev,2025.10.26.12,9761.269784
Sichuan-Ev,2025.10.26.16,9041.926544
Sichuan-Ev,2025.10.26.20,7629.398
Sichuan-Ev,2025.11.19.00,9087.702932
Sichuan-Ev,2025.11.19.04,9068.08448
Sichuan-Ev,2025.11.19.08,7629.398
Sichuan-Ev,2025.11.19.12,7629.398
Sichuan-Ev,2025.11.19.16,7629.398
Sichuan-Ev,2025.11.19.20,7629.398
Sichuan-Ev,2025.12.16.00,11351.7267885
Sichuan-Ev,2025.12.16.04,11863.9863685
Sichuan-Ev,2025.12.16.08,8267.2701685
Sichuan-Ev,2025.12.16.12,9547.646639999999
Sichuan-Ev,2025.12.16.16,7629.398
Sichuan-Ev,2025.12.16.20,7629.398
Anhui-Ev,2025.01.22.00,9467.157066200001
Anhui-Ev,2025.01.22.04,9467.157066200001
Anhui-Ev,2025.01.22.08,7040.1153915
Anhui-Ev,2025.01.22.12,7624.996616
Anhui-Ev,2025.01.22.16,6541.807256000001
Anhui-Ev,2025.01.22.20,5744.186000000001
Anhui-Ev,2025.02.08.00,7137.274194700001
Anhui-Ev,2025.02.08.04,7088.038314700001
Anhui-Ev,2025.02.08.08,5744.186000000001
Anhui-Ev,2025.02.08.12,5949.950948500001
Anhui-Ev,2025.02.08.16,7821.652926700002
Anhui-Ev,2025.02.08.20,7156.968546700002
Anhui-Ev,2025.03.21.00,7790.470202700001
Anhui-Ev,2025.03.21.04,8171.227674700001
Anhui-Ev,2025.03.21.08,5744.186000000001
Anhui-Ev,2025.03.21.12,6581.811408500001
Anhui-Ev,2025.03.21.16,7949.666214700001
Anhui-Ev,2025.03.21.20,7816.729338700001
Anhui-Ev,2025.04.11.00,5914.870384000001
Anhui-Ev,2025.04.11.04,6285.780680000001
Anhui-Ev,2025.04.11.08,5744.186000000001
Anhui-Ev,2025.04.11.12,5744.186000000001
Anhui-Ev,2025.04.11.16,5744.186000000001
Anhui-Ev,2025.04.11.20,5927.999952000001
Anhui-Ev,2025.05.22.00,6770.806822200001
Anhui-Ev,2025.05.22.04,6765.883234200001
Anhui-Ev,2025.05.22.08,6776.017619500001
Anhui-Ev,2025.05.22.12,8119.131396000001
Anhui-Ev,2025.05.22.16,6674.801696
Anhui-Ev,2025.05.22.20,5744.186000000001
Anhui-Ev,2025.06.16.00,7530.545786200002
Anhui-Ev,2025.06.16.04,7906.379670200002
Anhui-Ev,2025.06.16.08,7104.122035500001
Anhui-Ev,2025.06.16.12,7815.375352000001
Anhui-Ev,2025.06.16.16,6010.059752000001
Anhui-Ev,2025.06.16.20,5744.186000000001
Anhui-Ev,2025.07.22.00,7007.7526720616415
Anhui-Ev,2025.07.22.04,6992.981908061642
Anhui-Ev,2025.07.22.08,6180.589888061641
Anhui-Ev,2025.07.22.12,5744.186000000001
Anhui-Ev,2025.07.22.16,8269.88996006164
Anhui-Ev,2025.07.22.20,7073.400512061641
Anhui-Ev,2025.08.19.00,8985.260890700001
Anhui-Ev,2025.08.19.04,8970.4901267
Anhui-Ev,2025.08.19.08,8168.232492000001
Anhui-Ev,2025.08.19.12,7662.744124000001
Anhui-Ev,2025.08.19.16,6940.617884000001
Anhui-Ev,2025.08.19.20,5744.186000000001
Anhui-Ev,2025.09.20.00,7780.623026700002
Anhui-Ev,2025.09.20.04,8171.227674700001
Anhui-Ev,2025.09.20.08,5744.186000000001
Anhui-Ev,2025.09.20.12,6708.1835005
Anhui-Ev,2025.09.20.16,6708.1835005
Anhui-Ev,2025.09.20.20,6442.3097485
Anhui-Ev,2025.10.26.00,6305.187822700001
Anhui-Ev,2025.10.26.04,6275.646294700001
Anhui-Ev,2025.10.26.08,5744.186000000001
Anhui-Ev,2025.10.26.12,6581.811408500001
Anhui-Ev,2025.10.26.16,6401.2026285
Anhui-Ev,2025.10.26.20,6002.3920005
Anhui-Ev,2025.11.19.00,6019.906928
Anhui-Ev,2025.11.19.04,6014.983340000001
Anhui-Ev,2025.11.19.08,5744.186000000001
Anhui-Ev,2025.11.19.12,6078.989984000001
Anhui-Ev,2025.11.19.16,6078.989984000001
Anhui-Ev,2025.11.19.20,6078.989984000001
Anhui-Ev,2025.12.16.00,6973.1545947
Anhui-Ev,2025.12.16.04,7358.8356547
Anhui-Ev,2025.12.16.08,5744.186000000001
Anhui-Ev,2025.12.16.12,7213.6718685000005
Anhui-Ev,2025.12.16.16,7033.063088500001
Anhui-Ev,2025.12.16.20,6767.1893365000005
Fujian-Ev,2025.01.22.00,7428.265838748906
Fujian-Ev,2025.01.22.04,7710.197613300001
Fujian-Ev,2025.01.22.08,5568.4981800000005
Fujian-Ev,2025.01.22.12,5345.468604000001
Fujian-Ev,2025.01.22.16,5186.161764
Fujian-Ev,2025.01.22.20,5068.854
Fujian-Ev,2025.02.08.00,7010.6957612999995
Fujian-Ev,2025.02.08.04,6971.5931733
Fujian-Ev,2025.02.08.08,5068.854
Fujian-Ev,2025.02.08.12,5068.854
Fujian-Ev,2025.02.08.16,5068.854
Fujian-Ev,2025.02.08.20,5068.854
Fujian-Ev,2025.03.21.00,6082.3713572999995
Fujian-Ev,2025.03.21.04,6414.0192332999995
Fujian-Ev,2025.03.21.08,6184.00188
Fujian-Ev,2025.03.21.12,5068.854
Fujian-Ev,2025.03.21.16,6474.8454813
Fujian-Ev,2025.03.21.20,6122.922189299999
Fujian-Ev,2025.04.11.00,7178.945508000001
Fujian-Ev,2025.04.11.04,7161.566580000001
Fujian-Ev,2025.04.11.08,6205.72554
Fujian-Ev,2025.04.11.12,5982.6959640000005
Fujian-Ev,2025.04.11.16,5186.161764
Fujian-Ev,2025.04.11.20,5068.854
Fujian-Ev,2025.05.22.00,7143.9342093
Fujian-Ev,2025.05.22.04,7130.9000133
Fujian-Ev,2025.05.22.08,6184.00188
Fujian-Ev,2025.05.22.12,5068.854
Fujian-Ev,2025.05.22.16,5186.161764
Fujian-Ev,2025.05.22.20,5068.854
Fujian-Ev,2025.06.16.00,5313.3537933
Fujian-Ev,2025.06.16.04,5282.9406693
Fujian-Ev,2025.06.16.08,5291.883576
Fujian-Ev,2025.06.16.12,5068.854
Fujian-Ev,2025.06.16.16,5068.854
Fujian-Ev,2025.06.16.20,5068.854
Fujian-Ev,2025.07.22.00,7739.297277299999
Fujian-Ev,2025.07.22.04,8083.979349299999
Fujian-Ev,2025.07.22.08,6420.200435999999
Fujian-Ev,2025.07.22.12,5974.141283999999
Fujian-Ev,2025.07.22.16,5655.450384
Fujian-Ev,2025.07.22.20,5068.854
Fujian-Ev,2025.08.19.00,6467.604261300001
Fujian-Ev,2025.08.19.04,6812.2863333000005
Fujian-Ev,2025.08.19.08,5626.4279400000005
Fujian-Ev,2025.08.19.12,5068.854
Fujian-Ev,2025.08.19.16,5068.854
Fujian-Ev,2025.08.19.20,6467.604261300001
Fujian-Ev,2025.09.20.00,8016.030540000001
Fujian-Ev,2025.09.20.04,8016.030540000001
Fujian-Ev,2025.09.20.08,5626.4279400000005
Fujian-Ev,2025.09.20.12,5068.854
Fujian-Ev,2025.09.20.16,6241.931640000001
Fujian-Ev,2025.09.20.20,5068.854
Fujian-Ev,2025.10.26.00,7219.2428973
Fujian-Ev,2025.10.26.04,7210.5534333
Fujian-Ev,2025.10.26.08,5068.854
Fujian-Ev,2025.10.26.12,6254.0606835
Fujian-Ev,2025.10.26.16,5457.5264835
Fujian-Ev,2025.10.26.20,7254.0007533
Fujian-Ev,2025.11.19.00,7623.302973300001
Fujian-Ev,2025.11.19.04,7954.950849300001
Fujian-Ev,2025.11.19.08,7008.052716000001
Fujian-Ev,2025.11.19.12,6896.537928000001
Fujian-Ev,2025.11.19.16,5303.4695280000005
Fujian-Ev,2025.11.19.20,5068.854
Fujian-Ev,2025.12.16.00,5753.2116618
Fujian-Ev,2025.12.16.04,6102.2384658
Fujian-Ev,2025.12.16.08,6111.1813725
Fujian-Ev,2025.12.16.12,6292.754964
Fujian-Ev,2025.12.16.16,5655.450384
Fujian-Ev,2025.12.16.20,5068.854
Jiangsu-Ev,2025.01.22.00,22278.301583999997
Jiangsu-Ev,2025.01.22.04,22254.784728
Jiangsu-Ev,2025.01.22.08,16434.362868
Jiangsu-Ev,2025.01.22.12,13718.166000000001
Jiangsu-Ev,2025.01.22.16,23038.679927999998
Jiangsu-Ev,2025.01.22.20,22403.724815999998
Jiangsu-Ev,2025.02.08.00,15145.351266478157
Jiangsu-Ev,2025.02.08.04,16007.635986478157
Jiangsu-Ev,2025.02.08.08,15360.922446478156
Jiangsu-Ev,2025.02.08.12,18870.323269978155
Jiangsu-Ev,2025.02.08.16,15421.184389978154
Jiangsu-Ev,2025.02.08.20,13718.166000000001
Jiangsu-Ev,2025.03.21.00,18275.830679700004
Jiangsu-Ev,2025.03.21.04,18264.072251700003
Jiangsu-Ev,2025.03.21.08,18288.275016000003
Jiangsu-Ev,2025.03.21.12,15873.877800000002
Jiangsu-Ev,2025.03.21.16,13718.166000000001
Jiangsu-Ev,2025.03.21.20,13718.166000000001
Jiangsu-Ev,2025.04.11.00,20886.887604000003
Jiangsu-Ev,2025.04.11.04,21737.413896000002
Jiangsu-Ev,2025.04.11.08,16563.705576
Jiangsu-Ev,2025.04.11.12,14149.30836
Jiangsu-Ev,2025.04.11.16,13718.166000000001
Jiangsu-Ev,2025.04.11.20,21012.310836000004
Jiangsu-Ev,2025.05.22.00,26807.452075800007
Jiangsu-Ev,2025.05.22.04,26048.744947800005
Jiangsu-Ev,2025.05.22.08,22839.380012100006
Jiangsu-Ev,2025.05.22.12,25745.181531600007
Jiangsu-Ev,2025.05.22.16,15837.441030011305
Jiangsu-Ev,2025.05.22.20,13718.166000000001
Jiangsu-Ev,2025.06.16.00,26854.485787800004
Jiangsu-Ev,2025.06.16.04,26107.537087800003
Jiangsu-Ev,2025.06.16.08,22898.172152100004
Jiangsu-Ev,2025.06.16.12,25200.3743676
Jiangsu-Ev,2025.06.16.16,14820.79799582397
Jiangsu-Ev,2025.06.16.20,13718.166000000001
Jiangsu-Ev,2025.07.22.00,19620.896856
Jiangsu-Ev,2025.07.22.04,19538.58786
Jiangsu-Ev,2025.07.22.08,13718.166000000001
Jiangsu-Ev,2025.07.22.12,15416.768911500001
Jiangsu-Ev,2025.07.22.16,17593.45248520933
Jiangsu-Ev,2025.07.22.20,14901.637362327527
Jiangsu-Ev,2025.08.19.00,29379.957504410144
Jiangsu-Ev,2025.08.19.04,30277.517508410143
Jiangsu-Ev,2025.08.19.08,29655.006732710142
Jiangsu-Ev,2025.08.19.12,30750.01034021014
Jiangsu-Ev,2025.08.19.16,13718.166000000001
Jiangsu-Ev,2025.08.19.20,16227.959812610143
Jiangsu-Ev,2025.09.20.00,18259.368880500002
Jiangsu-Ev,2025.09.20.04,18141.784600500003
Jiangsu-Ev,2025.09.20.08,16201.6439805
Jiangsu-Ev,2025.09.20.12,17598.44724
Jiangsu-Ev,2025.09.20.16,13718.166000000001
Jiangsu-Ev,2025.09.20.20,13718.166000000001
Jiangsu-Ev,2025.10.26.00,38696.5824762
Jiangsu-Ev,2025.10.26.04,39547.1087682
Jiangsu-Ev,2025.10.26.08,33104.1761325
Jiangsu-Ev,2025.10.26.12,34199.17974
Jiangsu-Ev,2025.10.26.16,13718.166000000001
Jiangsu-Ev,2025.10.26.20,25591.6184964
Jiangsu-Ev,2025.11.19.00,19105.9756965
Jiangsu-Ev,2025.11.19.04,19047.1835565
Jiangsu-Ev,2025.11.19.08,14520.1887765
Jiangsu-Ev,2025.11.19.12,18029.5896
Jiangsu-Ev,2025.11.19.16,13718.166000000001
Jiangsu-Ev,2025.11.19.20,19168.687312500002
Jiangsu-Ev,2025.12.16.00,29348.09831263181
Jiangsu-Ev,2025.12.16.04,29353.2376005
Jiangsu-Ev,2025.12.16.08,29353.2376005
Jiangsu-Ev,2025.12.16.12,30750.04086
Jiangsu-Ev,2025.12.16.16,13718.166000000001
Jiangsu-Ev,2025.12.16.20,18098.15506005303
Shanghai-Ev,2025.01.22.00,23480.283918409696
Shanghai-Ev,2025.01.22.04,24394.764274409696
Shanghai-Ev,2025.01.22.08,21124.897997109696
Shanghai-Ev,2025.01.22.12,18369.4744
Shanghai-Ev,2025.01.22.16,13976.774
Shanghai-Ev,2025.01.22.20,16552.09736029944
Shanghai-Ev,2025.02.08.00,22514.496139345432
Shanghai-Ev,2025.02.08.04,23416.99640334543
Shanghai-Ev,2025.02.08.08,19488.22506604543
Shanghai-Ev,2025.02.08.12,13976.774
Shanghai-Ev,2025.02.08.16,16393.5082006349
Shanghai-Ev,2025.02.08.20,17913.94961043704
Shanghai-Ev,2025.03.21.00,18967.7801613
Shanghai-Ev,2025.03.21.04,19882.2605173
Shanghai-Ev,2025.03.21.08,13976.774
Shanghai-Ev,2025.03.21.12,15707.3981235
Shanghai-Ev,2025.03.21.16,15268.1280835
Shanghai-Ev,2025.03.21.20,15998.672570926825
Shanghai-Ev,2025.04.11.00,23659.614630815286
Shanghai-Ev,2025.04.11.04,24562.114894815284
Shanghai-Ev,2025.04.11.08,18656.628377515284
Shanghai-Ev,2025.04.11.12,13976.774
Shanghai-Ev,2025.04.11.16,17078.22138735072
Shanghai-Ev,2025.04.11.20,20223.76030721297
Shanghai-Ev,2025.05.22.00,20531.73788195806
Shanghai-Ev,2025.05.22.04,20899.5605391691
Shanghai-Ev,2025.05.22.08,16970.789201869098
Shanghai-Ev,2025.05.22.12,19931.369437369096
Shanghai-Ev,2025.05.22.16,13976.774
Shanghai-Ev,2025.05.22.20,18092.31725985062
Shanghai-Ev,2025.06.16.00,21706.975000132305
Shanghai-Ev,2025.06.16.04,22597.495172132305
Shanghai-Ev,2025.06.16.08,21963.249134832306
Shanghai-Ev,2025.06.16.12,24616.340342332303
Shanghai-Ev,2025.06.16.16,13976.774
Shanghai-Ev,2025.06.16.20,16811.703669668033
Shanghai-Ev,2025.07.22.00,21008.818447439426
Shanghai-Ev,2025.07.22.04,21887.358527439425
Shanghai-Ev,2025.07.22.08,19935.302370139423
Shanghai-Ev,2025.07.22.12,20540.31358513106
Shanghai-Ev,2025.07.22.16,20101.043545131062
Shanghai-Ev,2025.07.22.20,13976.774
Shanghai-Ev,2025.08.19.00,27376.706570200004
Shanghai-Ev,2025.08.19.04,28267.226742200004
Shanghai-Ev,2025.08.19.08,24338.455404900003
Shanghai-Ev,2025.08.19.12,20267.213266900002
Shanghai-Ev,2025.08.19.16,15594.08642
Shanghai-Ev,2025.08.19.20,13976.774
Shanghai-Ev,2025.09.20.00,18605.449667380162
Shanghai-Ev,2025.09.20.04,19495.969839380163
Shanghai-Ev,2025.09.20.08,15567.198502080162
Shanghai-Ev,2025.09.20.12,18917.802250143883
Shanghai-Ev,2025.09.20.16,14268.469476135537
Shanghai-Ev,2025.09.20.20,13976.774
Shanghai-Ev,2025.10.26.00,23242.82447989359
Shanghai-Ev,2025.10.26.04,24229.185387893587
Shanghai-Ev,2025.10.26.08,19641.508990593586
Shanghai-Ev,2025.10.26.12,20131.454725581825
Shanghai-Ev,2025.10.26.16,13976.774
Shanghai-Ev,2025.10.26.20,18296.746237035954
Shanghai-Ev,2025.11.19.00,20462.48225520986
Shanghai-Ev,2025.11.19.04,21329.04224320986
Shanghai-Ev,2025.11.19.08,18059.17596590986
Shanghai-Ev,2025.11.19.12,17751.68693790986
Shanghai-Ev,2025.11.19.16,16241.011387999999
Shanghai-Ev,2025.11.19.20,13976.774
Shanghai-Ev,2025.12.16.00,34320.28915244768
Shanghai-Ev,2025.12.16.04,35210.80932444768
Shanghai-Ev,2025.12.16.08,33258.753167147675
Shanghai-Ev,2025.12.16.12,35604.35534664767
Shanghai-Ev,2025.12.16.16,13976.774
Shanghai-Ev,2025.12.16.20,20984.250406247676
Zhejiang-Ev,2025.01.22.00,23682.041760000004
Zhejiang-Ev,2025.01.22.04,24941.154840000003
Zhejiang-Ev,2025.01.22.08,18752.748000000003
Zhejiang-Ev,2025.01.22.12,22312.421415000004
Zhejiang-Ev,2025.01.22.16,28021.963440000003
Zhejiang-Ev,2025.01.22.20,23682.041760000004
Zhejiang-Ev,2025.02.08.00,23617.746624000003
Zhejiang-Ev,2025.02.08.04,24941.154840000003
Zhejiang-Ev,2025.02.08.08,18752.748000000003
Zhejiang-Ev,2025.02.08.12,20841.410518007648
Zhejiang-Ev,2025.02.08.16,18752.748000000003
Zhejiang-Ev,2025.02.08.20,23767.768608000002
Zhejiang-Ev,2025.03.21.00,20112.724074600006
Zhejiang-Ev,2025.03.21.04,21371.837154600005
Zhejiang-Ev,2025.03.21.08,18752.748000000003
Zhejiang-Ev,2025.03.21.12,20662.179591000004
Zhejiang-Ev,2025.03.21.16,19483.435431000005
Zhejiang-Ev,2025.03.21.20,20305.609482600004
Zhejiang-Ev,2025.04.11.00,27941.594520000002
Zhejiang-Ev,2025.04.11.04,29184.633816
Zhejiang-Ev,2025.04.11.08,21228.110736000002
Zhejiang-Ev,2025.04.11.12,18752.748000000003
Zhejiang-Ev,2025.04.11.16,19926.463900765626
Zhejiang-Ev,2025.04.11.20,18752.748000000003
Zhejiang-Ev,2025.05.22.00,21112.647387600005
Zhejiang-Ev,2025.05.22.04,21064.426035600005
Zhejiang-Ev,2025.05.22.08,19329.395001000004
Zhejiang-Ev,2025.05.22.12,23714.189328000004
Zhejiang-Ev,2025.05.22.16,21356.701008000004
Zhejiang-Ev,2025.05.22.20,18752.748000000003
Zhejiang-Ev,2025.06.16.00,21257.311443600003
Zhejiang-Ev,2025.06.16.04,22484.276955600002
Zhejiang-Ev,2025.06.16.08,20749.245921
Zhejiang-Ev,2025.06.16.12,22658.677512000002
Zhejiang-Ev,2025.06.16.16,22658.677512000002
Zhejiang-Ev,2025.06.16.20,18752.748000000003
Zhejiang-Ev,2025.07.22.00,26959.59274845582
Zhejiang-Ev,2025.07.22.04,28186.55826045582
Zhejiang-Ev,2025.07.22.08,22031.236625855818
Zhejiang-Ev,2025.07.22.12,24765.789128855817
Zhejiang-Ev,2025.07.22.16,20428.34454788477
Zhejiang-Ev,2025.07.22.20,18752.748000000003
Zhejiang-Ev,2025.08.19.00,41167.93596178322
Zhejiang-Ev,2025.08.19.04,42459.19660978323
Zhejiang-Ev,2025.08.19.08,39840.10745518323
Zhejiang-Ev,2025.08.19.12,42574.65995818323
Zhejiang-Ev,2025.08.19.16,18752.748000000003
Zhejiang-Ev,2025.08.19.20,29294.749023054224
Zhejiang-Ev,2025.09.20.00,29263.727679077147
Zhejiang-Ev,2025.09.20.04,28451.84173507715
Zhejiang-Ev,2025.09.20.08,27600.86882047715
Zhejiang-Ev,2025.09.20.12,29510.30041147715
Zhejiang-Ev,2025.09.20.16,20488.716672000002
Zhejiang-Ev,2025.09.20.20,18752.748000000003
Zhejiang-Ev,2025.10.26.00,36203.290779948096
Zhejiang-Ev,2025.10.26.04,37462.4038599481
Zhejiang-Ev,2025.10.26.08,35694.287619948096
Zhejiang-Ev,2025.10.26.12,37191.1587549481
Zhejiang-Ev,2025.10.26.16,19186.740168000004
Zhejiang-Ev,2025.10.26.20,18752.748000000003
Zhejiang-Ev,2025.11.19.00,26336.62431535908
Zhejiang-Ev,2025.11.19.04,27563.58982735908
Zhejiang-Ev,2025.11.19.08,18752.748000000003
Zhejiang-Ev,2025.11.19.12,18752.748000000003
Zhejiang-Ev,2025.11.19.16,18752.748000000003
Zhejiang-Ev,2025.11.19.20,26015.73080887123
Zhejiang-Ev,2025.12.16.00,35849.17475895914
Zhejiang-Ev,2025.12.16.04,37108.28783895914
Zhejiang-Ev,2025.12.16.08,30952.966204359145
Zhejiang-Ev,2025.12.16.12,33687.518707359144
Zhejiang-Ev,2025.12.16.16,19960.447196093097
Zhejiang-Ev,2025.12.16.20,18752.748000000003
Beijing-Ev,2025.01.22.00,15374.702556200022
Beijing-Ev,2025.01.22.04,16044.028616200021
Beijing-Ev,2025.01.22.08,14651.75920650002
Beijing-Ev,2025.01.22.12,16982.651608000022
Beijing-Ev,2025.01.22.16,14285.97476800001
Beijing-Ev,2025.01.22.20,9968.686000000002
Beijing-Ev,2025.02.08.00,16720.041940432973
Beijing-Ev,2025.02.08.04,17338.100472432972
Beijing-Ev,2025.02.08.08,14066.02170273297
Beijing-Ev,2025.02.08.12,16616.225196232972
Beijing-Ev,2025.02.08.16,12750.324291299623
Beijing-Ev,2025.02.08.20,9968.686000000002
Beijing-Ev,2025.03.21.00,14297.038788187758
Beijing-Ev,2025.03.21.04,14517.523161353041
Beijing-Ev,2025.03.21.08,11227.85678135304
Beijing-Ev,2025.03.21.12,11589.207354333921
Beijing-Ev,2025.03.21.16,10119.347498096959
Beijing-Ev,2025.03.21.20,9968.686000000002
Beijing-Ev,2025.04.11.00,16929.363949967465
Beijing-Ev,2025.04.11.04,17573.056245967466
Beijing-Ev,2025.04.11.08,13361.072796267465
Beijing-Ev,2025.04.11.12,15472.654105767464
Beijing-Ev,2025.04.11.16,9968.686000000002
Beijing-Ev,2025.04.11.20,11421.295269082195
Beijing-Ev,2025.05.22.00,15262.024391139657
Beijing-Ev,2025.05.22.04,15153.067751139657
Beijing-Ev,2025.05.22.08,11411.036641439656
Beijing-Ev,2025.05.22.12,9968.686000000002
Beijing-Ev,2025.05.22.16,14614.788889208108
Beijing-Ev,2025.05.22.20,13944.721015893332
Beijing-Ev,2025.06.16.00,13011.103948591383
Beijing-Ev,2025.06.16.04,12976.925596591382
Beijing-Ev,2025.06.16.08,12037.020916591382
Beijing-Ev,2025.06.16.12,11062.021556793703
Beijing-Ev,2025.06.16.16,12275.724760000001
Beijing-Ev,2025.06.16.20,9968.686000000002
Beijing-Ev,2025.07.22.00,17682.206219974185
Beijing-Ev,2025.07.22.04,18325.898515974186
Beijing-Ev,2025.07.22.08,15053.819746274185
Beijing-Ev,2025.07.22.12,13957.264286274185
Beijing-Ev,2025.07.22.16,12045.020884000001
Beijing-Ev,2025.07.22.20,9968.686000000002
Beijing-Ev,2025.08.19.00,13727.806285700002
Beijing-Ev,2025.08.19.04,13710.717109700003
Beijing-Ev,2025.08.19.08,9968.686000000002
Beijing-Ev,2025.08.19.12,11641.645125500003
Beijing-Ev,2025.08.19.16,13335.832818894887
Beijing-Ev,2025.08.19.20,10633.47118289488
Beijing-Ev,2025.09.20.00,13711.215544
Beijing-Ev,2025.09.20.04,13634.314252
Beijing-Ev,2025.09.20.08,11284.552552000001
Beijing-Ev,2025.09.20.12,9968.686000000002
Beijing-Ev,2025.09.20.16,9968.686000000002
Beijing-Ev,2025.09.20.20,9968.686000000002
Beijing-Ev,2025.10.26.00,13975.12372580845
Beijing-Ev,2025.10.26.04,13906.76702180845
Beijing-Ev,2025.10.26.08,12966.86234180845
Beijing-Ev,2025.10.26.12,11650.99578980845
Beijing-Ev,2025.10.26.16,10711.09110980845
Beijing-Ev,2025.10.26.20,9968.686000000002
Beijing-Ev,2025.11.19.00,14677.183799756964
Beijing-Ev,2025.11.19.04,15303.786919756963
Beijing-Ev,2025.11.19.08,14851.422190056963
Beijing-Ev,2025.11.19.12,16081.505858581335
Beijing-Ev,2025.11.19.16,12131.478914009833
Beijing-Ev,2025.11.19.20,9968.686000000002
Beijing-Ev,2025.12.16.00,15167.247669619552
Beijing-Ev,2025.12.16.04,15810.939965619551
Beijing-Ev,2025.12.16.08,15358.57523591955
Beijing-Ev,2025.12.16.12,16812.22326941955
Beijing-Ev,2025.12.16.16,10982.53082941954
Beijing-Ev,2025.12.16.20,9968.686000000002
Hebei-Ev,2025.01.22.00,16648.12233079524
Hebei-Ev,2025.01.22.04,17032.75537079524
Hebei-Ev,2025.01.22.08,15601.177420895237
Hebei-Ev,2025.01.22.12,16628.103929395238
Hebei-Ev,2025.01.22.16,6119.162
Hebei-Ev,2025.01.22.20,13378.498713800003
Hebei-Ev,2025.02.08.00,19245.114156400003
Hebei-Ev,2025.02.08.04,19676.952160400004
Hebei-Ev,2025.02.08.08,16803.000310500003
Hebei-Ev,2025.02.08.12,18099.169947000002
Hebei-Ev,2025.02.08.16,6119.162
Hebei-Ev,2025.02.08.20,13378.4987138
Hebei-Ev,2025.03.21.00,9533.654396000002
Hebei-Ev,2025.03.21.04,9523.164404000001
Hebei-Ev,2025.03.21.08,8080.7905040000005
Hebei-Ev,2025.03.21.12,7273.06112
Hebei-Ev,2025.03.21.16,6119.162
Hebei-Ev,2025.03.21.20,9540.647724000002
Hebei-Ev,2025.04.11.00,13733.410109800001
Hebei-Ev,2025.04.11.04,13712.430125800001
Hebei-Ev,2025.04.11.08,13146.276515900001
Hebei-Ev,2025.04.11.12,13634.716768400001
Hebei-Ev,2025.04.11.16,6119.162
Hebei-Ev,2025.04.11.20,13803.3433898
Hebei-Ev,2025.05.22.00,7475.563753900001
Hebei-Ev,2025.05.22.04,6973.7903899
Hebei-Ev,2025.05.22.08,6119.162
Hebei-Ev,2025.05.22.12,6607.6022525
Hebei-Ev,2025.05.22.16,12291.514940121771
Hebei-Ev,2025.05.22.20,7482.5570819
Hebei-Ev,2025.06.16.00,14226.6088896178
Hebei-Ev,2025.06.16.04,13751.060505617801
Hebei-Ev,2025.06.16.08,12607.957335717801
Hebei-Ev,2025.06.16.12,13904.1269722178
Hebei-Ev,2025.06.16.16,6119.162
Hebei-Ev,2025.06.16.20,13095.2689298
Hebei-Ev,2025.07.22.00,8402.1776339
Hebei-Ev,2025.07.22.04,8396.932637900001
Hebei-Ev,2025.07.22.08,6388.405128
Hebei-Ev,2025.07.22.12,6119.162
Hebei-Ev,2025.07.22.16,7252.081136000001
Hebei-Ev,2025.07.22.20,6119.162
Hebei-Ev,2025.08.19.00,7743.058549899993
Hebei-Ev,2025.08.19.04,7262.2651698999925
Hebei-Ev,2025.08.19.08,6119.161999999992
Hebei-Ev,2025.08.19.12,6607.602252499992
Hebei-Ev,2025.08.19.16,15564.744171499993
Hebei-Ev,2025.08.19.20,9613.3254190151
Hebei-Ev,2025.09.20.00,7264.319460000001
Hebei-Ev,2025.09.20.04,7253.829468000001
Hebei-Ev,2025.09.20.08,7253.829468000001
Hebei-Ev,2025.09.20.12,6311.478520000001
Hebei-Ev,2025.09.20.16,6119.162
Hebei-Ev,2025.09.20.20,7786.545637919685
Hebei-Ev,2025.10.26.00,18833.872613400003
Hebei-Ev,2025.10.26.04,18332.099249400002
Hebei-Ev,2025.10.26.08,17188.9960795
Hebei-Ev,2025.10.26.12,17946.67946
Hebei-Ev,2025.10.26.16,6119.162
Hebei-Ev,2025.10.26.20,13095.268929800002
Hebei-Ev,2025.11.19.00,17372.2649814
Hebei-Ev,2025.11.19.04,17793.6129934
Hebei-Ev,2025.11.19.08,16073.5602635
Hebei-Ev,2025.11.19.12,17369.7299
Hebei-Ev,2025.11.19.16,6119.162
Hebei-Ev,2025.11.19.20,13236.883821800002
Hebei-Ev,2025.12.16.00,19075.5259524
Hebei-Ev,2025.12.16.04,19496.873964399998
Hebei-Ev,2025.12.16.08,17488.3464545
Hebei-Ev,2025.12.16.12,15167.428184499999
Hebei-Ev,2025.12.16.16,6119.162
Hebei-Ev,2025.12.16.20,13236.8838218
Shandong-Ev,2025.01.22.00,20153.678219999998
Shandong-Ev,2025.01.22.04,20121.045516
Shandong-Ev,2025.01.22.08,14736.649356
Shandong-Ev,2025.01.22.12,16028.813788
Shandong-Ev,2025.01.22.16,13571.579008
Shandong-Ev,2025.01.22.20,12690.496000000001
Shandong-Ev,2025.02.08.00,12801.929218000001
Shandong-Ev,2025.02.08.04,12690.560818000002
Shandong-Ev,2025.02.08.08,12690.496000000001
Shandong-Ev,2025.02.08.12,14541.042256
Shandong-Ev,2025.02.08.16,13280.339956000002
Shandong-Ev,2025.02.08.20,12938.843814000002
Shandong-Ev,2025.03.21.00,19374.5802432
Shandong-Ev,2025.03.21.04,19352.8251072
Shandong-Ev,2025.03.21.08,14589.084848
Shandong-Ev,2025.03.21.12,15881.24928
Shandong-Ev,2025.03.21.16,12690.496000000001
Shandong-Ev,2025.03.21.20,12690.496000000001
Shandong-Ev,2025.04.11.00,20373.1877752
Shandong-Ev,2025.04.11.04,20272.6969432
Shandong-Ev,2025.04.11.08,14910.690444
Shandong-Ev,2025.04.11.12,15923.663964
Shandong-Ev,2025.04.11.16,13865.273344000001
Shandong-Ev,2025.04.11.20,12690.496000000001
Shandong-Ev,2025.05.22.00,14487.252915200002
Shandong-Ev,2025.05.22.04,14462.905059200002
Shandong-Ev,2025.05.22.08,12690.496000000001
Shandong-Ev,2025.05.22.12,14541.042256
Shandong-Ev,2025.05.22.16,16677.969495200003
Shandong-Ev,2025.05.22.20,14574.273459200003
Shandong-Ev,2025.06.16.00,19234.6689912
Shandong-Ev,2025.06.16.04,19134.1781592
Shandong-Ev,2025.06.16.08,17960.035340000002
Shandong-Ev,2025.06.16.12,18693.817948
Shandong-Ev,2025.06.16.16,15040.050688000001
Shandong-Ev,2025.06.16.20,12690.496000000001
Shandong-Ev,2025.07.22.00,19421.7163712
Shandong-Ev,2025.07.22.04,19334.6958272
Shandong-Ev,2025.07.22.08,13972.689328
Shandong-Ev,2025.07.22.12,15544.044672
Shandong-Ev,2025.07.22.16,14746.356352
Shandong-Ev,2025.07.22.20,12690.496000000001
Shandong-Ev,2025.08.19.00,12714.843855999987
Shandong-Ev,2025.08.19.04,12690.496000000001
Shandong-Ev,2025.08.19.08,12712.8856608
Shandong-Ev,2025.08.19.12,15680.1955648
Shandong-Ev,2025.08.19.16,12714.843855999987
Shandong-Ev,2025.08.19.20,12714.843855999987
Shandong-Ev,2025.09.20.00,19822.554752
Shandong-Ev,2025.09.20.04,19789.922048
Shandong-Ev,2025.09.20.08,13807.259648000001
Shandong-Ev,2025.09.20.12,12690.496000000001
Shandong-Ev,2025.09.20.16,12690.496000000001
Shandong-Ev,2025.09.20.20,19837.058176
Shandong-Ev,2025.10.26.00,14307.1306872
Shandong-Ev,2025.10.26.04,14293.6603992
Shandong-Ev,2025.10.26.08,13717.78382
Shandong-Ev,2025.10.26.12,16405.902812
Shandong-Ev,2025.10.26.16,14746.356352
Shandong-Ev,2025.10.26.20,12690.496000000001
Shandong-Ev,2025.11.19.00,13310.517376000002
Shandong-Ev,2025.11.19.04,13288.762240000002
Shandong-Ev,2025.11.19.08,12690.496000000001
Shandong-Ev,2025.11.19.12,14541.042256
Shandong-Ev,2025.11.19.16,14078.028276000001
Shandong-Ev,2025.11.19.20,12690.496000000001
Shandong-Ev,2025.12.16.00,14517.292899200002
Shandong-Ev,2025.12.16.04,14462.905059200002
Shandong-Ev,2025.12.16.08,12690.496000000001
Shandong-Ev,2025.12.16.12,15936.996816
Shandong-Ev,2025.12.16.16,13479.762036000002
Shandong-Ev,2025.12.16.20,14560.803171200001
Shanxi-Ev,2025.01.22.00,4268.516424
Shanxi-Ev,2025.01.22.04,4239.861540000001
Shanxi-Ev,2025.01.22.08,3714.5220000000004
Shanxi-Ev,2025.01.22.12,4453.181232000001
Shanxi-Ev,2025.01.22.16,4453.181232000001
Shanxi-Ev,2025.01.22.20,4281.251928000001
Shanxi-Ev,2025.02.08.00,3977.722416000001
Shanxi-Ev,2025.02.08.04,4239.861540000001
Shanxi-Ev,2025.02.08.08,3714.5220000000004
Shanxi-Ev,2025.02.08.12,4102.954872000001
Shanxi-Ev,2025.02.08.16,3986.212752000001
Shanxi-Ev,2025.02.08.20,3986.212752000001
Shanxi-Ev,2025.03.21.00,5567.684004000001
Shanxi-Ev,2025.03.21.04,5542.212996
Shanxi-Ev,2025.03.21.08,4316.420658
Shanxi-Ev,2025.03.21.12,4316.409348
Shanxi-Ev,2025.03.21.16,4316.332128
Shanxi-Ev,2025.03.21.20,3714.5220000000004
Shanxi-Ev,2025.04.11.00,4651.244929500001
Shanxi-Ev,2025.04.11.04,4638.5094255
Shanxi-Ev,2025.04.11.08,3938.0566275
Shanxi-Ev,2025.04.11.12,4316.274564
Shanxi-Ev,2025.04.11.16,4316.274564
Shanxi-Ev,2025.04.11.20,3714.5220000000004
Shanxi-Ev,2025.05.22.00,4599.456921900001
Shanxi-Ev,2025.05.22.04,4583.534421900001
Shanxi-Ev,2025.05.22.08,3714.5220000000004
Shanxi-Ev,2025.05.22.12,4501.3373565
Shanxi-Ev,2025.05.22.16,4985.867361900002
Shanxi-Ev,2025.05.22.20,4641.951189900002
Shanxi-Ev,2025.06.16.00,4708.3720134
Shanxi-Ev,2025.06.16.04,4679.7140094
Shanxi-Ev,2025.06.16.08,4511.1543075
Shanxi-Ev,2025.06.16.12,4807.65276
Shanxi-Ev,2025.06.16.16,4574.16852
Shanxi-Ev,2025.06.16.20,3714.5220000000004
Shanxi-Ev,2025.07.22.00,6326.361612000001
Shanxi-Ev,2025.07.22.04,6307.258356
Shanxi-Ev,2025.07.22.08,5957.031996000001
Shanxi-Ev,2025.07.22.12,5139.8371560000005
Shanxi-Ev,2025.07.22.16,3972.4159560000003
Shanxi-Ev,2025.07.22.20,3714.5220000000004
Shanxi-Ev,2025.08.19.00,5487.758325900001
Shanxi-Ev,2025.08.19.04,5459.100321900001
Shanxi-Ev,2025.08.19.08,3714.5220000000004
Shanxi-Ev,2025.08.19.12,4419.6178725
Shanxi-Ev,2025.08.19.16,6188.3111979000005
Shanxi-Ev,2025.08.19.20,5500.536417900001
Shanxi-Ev,2025.09.20.00,5664.9940899
Shanxi-Ev,2025.09.20.04,5645.887713900001
Shanxi-Ev,2025.09.20.08,4076.4225720000004
Shanxi-Ev,2025.09.20.12,3831.2641200000003
Shanxi-Ev,2025.09.20.16,3714.5220000000004
Shanxi-Ev,2025.09.20.20,5707.4457699
Shanxi-Ev,2025.10.26.00,5664.358643539053
Shanxi-Ev,2025.10.26.04,5654.803895539054
Shanxi-Ev,2025.10.26.08,4435.565113639053
Shanxi-Ev,2025.10.26.12,4568.624598139053
Shanxi-Ev,2025.10.26.16,3868.094658139053
Shanxi-Ev,2025.10.26.20,3714.5220000000004
Shanxi-Ev,2025.11.19.00,4064.5626339000005
Shanxi-Ev,2025.11.19.04,4058.1948819000004
Shanxi-Ev,2025.11.19.08,3714.5220000000004
Shanxi-Ev,2025.11.19.12,4501.3373565
Shanxi-Ev,2025.11.19.16,4034.3688765
Shanxi-Ev,2025.11.19.20,3714.5220000000004
Shanxi-Ev,2025.12.16.00,4421.159865900001
Shanxi-Ev,2025.12.16.04,4408.4212419000005
Shanxi-Ev,2025.12.16.08,3714.5220000000004
Shanxi-Ev,2025.12.16.12,4256.1789045000005
Shanxi-Ev,2025.12.16.16,4627.09310190003
Shanxi-Ev,2025.12.16.20,4455.163797900001
Tianjin-Ev,2025.01.22.00,8866.167216
Tianjin-Ev,2025.01.22.04,9200.371964
Tianjin-Ev,2025.01.22.08,6727.556564
Tianjin-Ev,2025.01.22.12,6381.362408000001
Tianjin-Ev,2025.01.22.16,6216.508048000001
Tianjin-Ev,2025.01.22.20,5245.366000000001
Tianjin-Ev,2025.02.08.00,7582.347822000001
Tianjin-Ev,2025.02.08.04,7934.536682000001
Tianjin-Ev,2025.02.08.08,5706.958208000001
Tianjin-Ev,2025.02.08.12,5245.366000000001
Tianjin-Ev,2025.02.08.16,5245.366000000001
Tianjin-Ev,2025.02.08.20,5245.366000000001
Tianjin-Ev,2025.03.21.00,6592.675724000001
Tianjin-Ev,2025.03.21.04,6926.880472000001
Tianjin-Ev,2025.03.21.08,5937.754312000001
Tianjin-Ev,2025.03.21.12,5245.366000000001
Tianjin-Ev,2025.03.21.16,7460.409128000001
Tianjin-Ev,2025.03.21.20,6610.659836000001
Tianjin-Ev,2025.04.11.00,7432.456014038147
Tianjin-Ev,2025.04.11.04,7409.975874038148
Tianjin-Ev,2025.04.11.08,5431.723554038148
Tianjin-Ev,2025.04.11.12,6081.212265538148
Tianjin-Ev,2025.04.11.16,6081.212265538148
Tianjin-Ev,2025.04.11.20,5245.366000000001
Tianjin-Ev,2025.05.22.00,6346.053483905418
Tianjin-Ev,2025.05.22.04,6314.581287905418
Tianjin-Ev,2025.05.22.08,6067.299747905418
Tianjin-Ev,2025.05.22.12,5605.707539905418
Tianjin-Ev,2025.05.22.16,6095.115292
Tianjin-Ev,2025.05.22.20,5245.366000000001
Tianjin-Ev,2025.06.16.00,7055.204604500001
Tianjin-Ev,2025.06.16.04,7046.212548500001
Tianjin-Ev,2025.06.16.08,5809.804848500001
Tianjin-Ev,2025.06.16.12,6459.293560000001
Tianjin-Ev,2025.06.16.16,6459.293560000001
Tianjin-Ev,2025.06.16.20,5245.366000000001
Tianjin-Ev,2025.07.22.00,7800.215445324067
Tianjin-Ev,2025.07.22.04,8134.420193324067
Tianjin-Ev,2025.07.22.08,7637.812499324067
Tianjin-Ev,2025.07.22.12,6483.831979324067
Tianjin-Ev,2025.07.22.16,5824.414539324067
Tianjin-Ev,2025.07.22.20,5245.366000000001
Tianjin-Ev,2025.08.19.00,6805.487716
Tianjin-Ev,2025.08.19.04,6796.49566
Tianjin-Ev,2025.08.19.08,6054.65104
Tianjin-Ev,2025.08.19.12,5939.252988
Tianjin-Ev,2025.08.19.16,5609.544268000001
Tianjin-Ev,2025.08.19.20,5245.366000000001
Tianjin-Ev,2025.09.20.00,8355.1187
Tianjin-Ev,2025.09.20.04,8707.307560000001
Tianjin-Ev,2025.09.20.08,6234.492160000001
Tianjin-Ev,2025.09.20.12,6234.492160000001
Tianjin-Ev,2025.09.20.16,5245.366000000001
Tianjin-Ev,2025.09.20.20,6835.70754764056
Tianjin-Ev,2025.10.26.00,7485.6243517
Tianjin-Ev,2025.10.26.04,7824.3251277
Tianjin-Ev,2025.10.26.08,5360.764052
Tianjin-Ev,2025.10.26.12,5245.366000000001
Tianjin-Ev,2025.10.26.16,5245.366000000001
Tianjin-Ev,2025.10.26.20,5245.366000000001
Tianjin-Ev,2025.11.19.00,6345.1319157
Tianjin-Ev,2025.11.19.04,6670.3446077
Tianjin-Ev,2025.11.19.08,5690.472772
Tianjin-Ev,2025.11.19.12,5575.0747200000005
Tianjin-Ev,2025.11.19.16,5245.366000000001
Tianjin-Ev,2025.11.19.20,6345.1319157
Tianjin-Ev,2025.12.16.00,9809.707610565398
Tianjin-Ev,2025.12.16.04,10134.920302565399
Tianjin-Ev,2025.12.16.08,9145.794142565399
Tianjin-Ev,2025.12.16.12,9145.794142565399
Tianjin-Ev,2025.12.16.16,6791.917562565398
Tianjin-Ev,2025.12.16.20,5245.366000000001
West_Inner_Mongolia-Ev,2025.01.22.00,607.6011199999999
West_Inner_Mongolia-Ev,2025.01.22.04,639.2764
West_Inner_Mongolia-Ev,2025.01.22.08,448.84
West_Inner_Mongolia-Ev,2025.01.22.12,474.79256999999996
West_Inner_Mongolia-Ev,2025.01.22.16,716.6051199999999
West_Inner_Mongolia-Ev,2025.01.22.20,612.7307199999999
West_Inner_Mongolia-Ev,2025.02.08.00,635.406758
West_Inner_Mongolia-Ev,2025.02.08.04,634.2525979999999
West_Inner_Mongolia-Ev,2025.02.08.08,508.08687999999995
West_Inner_Mongolia-Ev,2025.02.08.12,448.84
West_Inner_Mongolia-Ev,2025.02.08.16,531.997084
West_Inner_Mongolia-Ev,2025.02.08.20,448.84
West_Inner_Mongolia-Ev,2025.03.21.00,613.990678
West_Inner_Mongolia-Ev,2025.03.21.04,644.127078
West_Inner_Mongolia-Ev,2025.03.21.08,517.96136
West_Inner_Mongolia-Ev,2025.03.21.12,448.84
West_Inner_Mongolia-Ev,2025.03.21.16,686.702758
West_Inner_Mongolia-Ev,2025.03.21.20,613.990678
West_Inner_Mongolia-Ev,2025.04.11.00,589.496838
West_Inner_Mongolia-Ev,2025.04.11.04,617.324918
West_Inner_Mongolia-Ev,2025.04.11.08,448.84
West_Inner_Mongolia-Ev,2025.04.11.12,448.84
West_Inner_Mongolia-Ev,2025.04.11.16,448.84
West_Inner_Mongolia-Ev,2025.04.11.20,448.84
West_Inner_Mongolia-Ev,2025.05.22.00,684.8689720000001
West_Inner_Mongolia-Ev,2025.05.22.04,683.3269720000001
West_Inner_Mongolia-Ev,2025.05.22.08,514.8420540000001
West_Inner_Mongolia-Ev,2025.05.22.12,550.6691040000001
West_Inner_Mongolia-Ev,2025.05.22.16,480.059884
West_Inner_Mongolia-Ev,2025.05.22.20,448.84
West_Inner_Mongolia-Ev,2025.06.16.00,548.3317979999999
West_Inner_Mongolia-Ev,2025.06.16.04,546.792918
West_Inner_Mongolia-Ev,2025.06.16.08,547.5848
West_Inner_Mongolia-Ev,2025.06.16.12,448.84
West_Inner_Mongolia-Ev,2025.06.16.16,448.84
West_Inner_Mongolia-Ev,2025.06.16.20,448.84
West_Inner_Mongolia-Ev,2025.07.22.00,802.561042
West_Inner_Mongolia-Ev,2025.07.22.04,800.6374420000001
West_Inner_Mongolia-Ev,2025.07.22.08,653.312124
West_Inner_Mongolia-Ev,2025.07.22.12,574.316284
West_Inner_Mongolia-Ev,2025.07.22.16,531.997084
West_Inner_Mongolia-Ev,2025.07.22.20,448.84
West_Inner_Mongolia-Ev,2025.08.19.00,598.092038
West_Inner_Mongolia-Ev,2025.08.19.04,596.1653180000001
West_Inner_Mongolia-Ev,2025.08.19.08,448.84
West_Inner_Mongolia-Ev,2025.08.19.12,514.29049
West_Inner_Mongolia-Ev,2025.08.19.16,471.97128999999995
West_Inner_Mongolia-Ev,2025.08.19.20,461.52628599999997
West_Inner_Mongolia-Ev,2025.09.20.00,697.1126399999999
West_Inner_Mongolia-Ev,2025.09.20.04,697.1126399999999
West_Inner_Mongolia-Ev,2025.09.20.08,527.83584
West_Inner_Mongolia-Ev,2025.09.20.12,448.84
West_Inner_Mongolia-Ev,2025.09.20.16,795.258828
West_Inner_Mongolia-Ev,2025.09.20.20,701.7718679999999
West_Inner_Mongolia-Ev,2025.10.26.00,793.863164
West_Inner_Mongolia-Ev,2025.10.26.04,790.0159639999999
West_Inner_Mongolia-Ev,2025.10.26.08,684.2179639999999
West_Inner_Mongolia-Ev,2025.10.26.12,585.473164
West_Inner_Mongolia-Ev,2025.10.26.16,500.834764
West_Inner_Mongolia-Ev,2025.10.26.20,448.84
West_Inner_Mongolia-Ev,2025.11.19.00,694.03488
West_Inner_Mongolia-Ev,2025.11.19.04,724.556
West_Inner_Mongolia-Ev,2025.11.19.08,639.9176
West_Inner_Mongolia-Ev,2025.11.19.12,560.92176
West_Inner_Mongolia-Ev,2025.11.19.16,490.38975999999997
West_Inner_Mongolia-Ev,2025.11.19.20,448.84
West_Inner_Mongolia-Ev,2025.12.16.00,690.909108
West_Inner_Mongolia-Ev,2025.12.16.04,688.600788
West_Inner_Mongolia-Ev,2025.12.16.08,477.00470999999993
West_Inner_Mongolia-Ev,2025.12.16.12,572.07864
West_Inner_Mongolia-Ev,2025.12.16.16,459.22744
West_Inner_Mongolia-Ev,2025.12.16.20,448.84
East_Inner_Mongolia-Ev,2025.01.22.00,880.694612
East_Inner_Mongolia-Ev,2025.01.22.04,910.0615720000001
East_Inner_Mongolia-Ev,2025.01.22.08,805.044054
East_Inner_Mongolia-Ev,2025.01.22.12,840.871104
East_Inner_Mongolia-Ev,2025.01.22.16,628.0252839999999
East_Inner_Mongolia-Ev,2025.01.22.20,448.84
East_Inner_Mongolia-Ev,2025.02.08.00,845.5678939999999
East_Inner_Mongolia-Ev,2025.02.08.04,874.934854
East_Inner_Mongolia-Ev,2025.02.08.08,684.4984539999999
East_Inner_Mongolia-Ev,2025.02.08.12,799.321344
East_Inner_Mongolia-Ev,2025.02.08.16,586.475524
East_Inner_Mongolia-Ev,2025.02.08.20,448.84
East_Inner_Mongolia-Ev,2025.03.21.00,842.4425640000001
East_Inner_Mongolia-Ev,2025.03.21.04,840.1342440000001
East_Inner_Mongolia-Ev,2025.03.21.08,755.495844
East_Inner_Mongolia-Ev,2025.03.21.12,666.625524
East_Inner_Mongolia-Ev,2025.03.21.16,638.412724
East_Inner_Mongolia-Ev,2025.03.21.20,448.84
East_Inner_Mongolia-Ev,2025.04.11.00,618.1168
East_Inner_Mongolia-Ev,2025.04.11.04,618.1168
East_Inner_Mongolia-Ev,2025.04.11.08,448.84
East_Inner_Mongolia-Ev,2025.04.11.12,504.41600999999997
East_Inner_Mongolia-Ev,2025.04.11.16,490.30960999999996
East_Inner_Mongolia-Ev,2025.04.11.20,621.70752
East_Inner_Mongolia-Ev,2025.05.22.00,880.6946120000001
East_Inner_Mongolia-Ev,2025.05.22.04,872.8499720000001
East_Inner_Mongolia-Ev,2025.05.22.08,873.6418540000001
East_Inner_Mongolia-Ev,2025.05.22.12,919.343384
East_Inner_Mongolia-Ev,2025.05.22.16,621.859164
East_Inner_Mongolia-Ev,2025.05.22.20,448.84
East_Inner_Mongolia-Ev,2025.06.16.00,515.3741180000001
East_Inner_Mongolia-Ev,2025.06.16.04,511.526918
East_Inner_Mongolia-Ev,2025.06.16.08,448.84
East_Inner_Mongolia-Ev,2025.06.16.12,524.1649699999999
East_Inner_Mongolia-Ev,2025.06.16.16,602.5773180000001
East_Inner_Mongolia-Ev,2025.06.16.20,519.4777980000001
East_Inner_Mongolia-Ev,2025.07.22.00,861.7727999999998
East_Inner_Mongolia-Ev,2025.07.22.04,893.4480799999999
East_Inner_Mongolia-Ev,2025.07.22.08,681.8520799999999
East_Inner_Mongolia-Ev,2025.07.22.12,652.2286399999999
East_Inner_Mongolia-Ev,2025.07.22.16,511.16463999999996
East_Inner_Mongolia-Ev,2025.07.22.20,448.84
East_Inner_Mongolia-Ev,2025.08.19.00,668.642918
East_Inner_Mongolia-Ev,2025.08.19.04,659.644118
East_Inner_Mongolia-Ev,2025.08.19.08,448.84
East_Inner_Mongolia-Ev,2025.08.19.12,543.9139299999999
East_Inner_Mongolia-Ev,2025.08.19.16,894.507562
East_Inner_Mongolia-Ev,2025.08.19.20,673.772518
East_Inner_Mongolia-Ev,2025.09.20.00,596.1653180000001
East_Inner_Mongolia-Ev,2025.09.20.04,596.1653180000001
East_Inner_Mongolia-Ev,2025.09.20.08,448.84
East_Inner_Mongolia-Ev,2025.09.20.12,448.84
East_Inner_Mongolia-Ev,2025.09.20.16,721.3329060000001
East_Inner_Mongolia-Ev,2025.09.20.20,700.558026
East_Inner_Mongolia-Ev,2025.10.26.00,730.056234
East_Inner_Mongolia-Ev,2025.10.26.04,726.978474
East_Inner_Mongolia-Ev,2025.10.26.08,515.382474
East_Inner_Mongolia-Ev,2025.10.26.12,600.581924
East_Inner_Mongolia-Ev,2025.10.26.16,586.475524
East_Inner_Mongolia-Ev,2025.10.26.20,448.84
East_Inner_Mongolia-Ev,2025.11.19.00,876.5909320000001
East_Inner_Mongolia-Ev,2025.11.19.04,907.8814920000001
East_Inner_Mongolia-Ev,2025.11.19.08,718.236974
East_Inner_Mongolia-Ev,2025.11.19.12,754.064024
East_Inner_Mongolia-Ev,2025.11.19.16,596.8629639999999
East_Inner_Mongolia-Ev,2025.11.19.20,448.84
East_Inner_Mongolia-Ev,2025.12.16.00,739.9923699999999
East_Inner_Mongolia-Ev,2025.12.16.04,769.7440499999999
East_Inner_Mongolia-Ev,2025.12.16.08,558.1480499999999
East_Inner_Mongolia-Ev,2025.12.16.12,633.4730199999999
East_Inner_Mongolia-Ev,2025.12.16.16,448.84
East_Inner_Mongolia-Ev,2025.12.16.20,448.84
Heilongjiang-Ev,2025.01.22.00,1148.0248272
Heilongjiang-Ev,2025.01.22.04,1188.8372431999999
Heilongjiang-Ev,2025.01.22.08,1189.8700984
Heilongjiang-Ev,2025.01.22.12,1210.8408224
Heilongjiang-Ev,2025.01.22.16,734.3258824
Heilongjiang-Ev,2025.01.22.20,585.424
Heilongjiang-Ev,2025.02.08.00,1142.6723792
Heilongjiang-Ev,2025.02.08.04,1181.9794192
Heilongjiang-Ev,2025.02.08.08,907.0266743999999
Heilongjiang-Ev,2025.02.08.12,1056.7906784
Heilongjiang-Ev,2025.02.08.16,693.811072
Heilongjiang-Ev,2025.02.08.20,585.424
Heilongjiang-Ev,2025.03.21.00,1142.6723792
Heilongjiang-Ev,2025.03.21.04,1140.1634192000001
Heilongjiang-Ev,2025.03.21.08,1058.4005944
Heilongjiang-Ev,2025.03.21.12,1169.5266144000002
Heilongjiang-Ev,2025.03.21.16,858.183076
Heilongjiang-Ev,2025.03.21.20,585.424
Heilongjiang-Ev,2025.04.11.00,1148.6938832
Heilongjiang-Ev,2025.04.11.04,1147.6902992
Heilongjiang-Ev,2025.04.11.08,983.1317944
Heilongjiang-Ev,2025.04.11.12,1107.1371424
Heilongjiang-Ev,2025.04.11.16,941.5457823999999
Heilongjiang-Ev,2025.04.11.20,585.424
Heilongjiang-Ev,2025.05.22.00,861.8821207999999
Heilongjiang-Ev,2025.05.22.04,860.3767448
Heilongjiang-Ev,2025.05.22.08,585.424
Heilongjiang-Ev,2025.05.22.12,722.308676
Heilongjiang-Ev,2025.05.22.16,986.4938008
Heilongjiang-Ev,2025.05.22.20,864.5583448
Heilongjiang-Ev,2025.06.16.00,987.359392
Heilongjiang-Ev,2025.06.16.04,987.359392
Heilongjiang-Ev,2025.06.16.08,794.1694719999999
Heilongjiang-Ev,2025.06.16.12,768.410816
Heilongjiang-Ev,2025.06.16.16,639.617536
Heilongjiang-Ev,2025.06.16.20,585.424
Heilongjiang-Ev,2025.07.22.00,857.897056
Heilongjiang-Ev,2025.07.22.04,855.388096
Heilongjiang-Ev,2025.07.22.08,855.388096
Heilongjiang-Ev,2025.07.22.12,778.112128
Heilongjiang-Ev,2025.07.22.16,612.520768
Heilongjiang-Ev,2025.07.22.20,585.424
Heilongjiang-Ev,2025.08.19.00,2430.8597901188573
Heilongjiang-Ev,2025.08.19.04,2411.792510118857
Heilongjiang-Ev,2025.08.19.08,2192.036885318857
Heilongjiang-Ev,2025.08.19.12,2238.766265318857
Heilongjiang-Ev,2025.08.19.16,2927.12
Heilongjiang-Ev,2025.08.19.20,2627.2641559999997
Heilongjiang-Ev,2025.09.20.00,1145.3486032
Heilongjiang-Ev,2025.09.20.04,1128.2884912
Heilongjiang-Ev,2025.09.20.08,1100.3386971999998
Heilongjiang-Ev,2025.09.20.12,1147.0680771999998
Heilongjiang-Ev,2025.09.20.16,885.2798439999999
Heilongjiang-Ev,2025.09.20.20,585.424
Heilongjiang-Ev,2025.10.26.00,820.2325688000001
Heilongjiang-Ev,2025.10.26.04,805.1796248
Heilongjiang-Ev,2025.10.26.08,585.424
Heilongjiang-Ev,2025.10.26.12,735.188004
Heilongjiang-Ev,2025.10.26.16,679.9908839999999
Heilongjiang-Ev,2025.10.26.20,666.4424999999999
Heilongjiang-Ev,2025.11.19.00,1147.3557712000002
Heilongjiang-Ev,2025.11.19.04,1184.6556432000002
Heilongjiang-Ev,2025.11.19.08,1129.4585232000002
Heilongjiang-Ev,2025.11.19.12,1266.3431992000003
Heilongjiang-Ev,2025.11.19.16,953.0217639999998
Heilongjiang-Ev,2025.11.19.20,585.424
Heilongjiang-Ev,2025.12.16.00,1145.3486032
Heilongjiang-Ev,2025.12.16.04,1182.1466832
Heilongjiang-Ev,2025.12.16.08,1155.5809784
Heilongjiang-Ev,2025.12.16.12,1176.5517024
Heilongjiang-Ev,2025.12.16.16,953.0217639999998
Heilongjiang-Ev,2025.12.16.20,585.424
Jilin-Ev,2025.01.22.00,2000.3785380000004
Jilin-Ev,2025.01.22.04,2068.1132580000003
Jilin-Ev,2025.01.22.08,2069.9161110000005
Jilin-Ev,2025.01.22.12,2151.4824360000002
Jilin-Ev,2025.01.22.16,1475.5005360000002
Jilin-Ev,2025.01.22.20,1021.8600000000001
Jilin-Ev,2025.02.08.00,2001.5463780000005
Jilin-Ev,2025.02.08.04,2068.4052180000003
Jilin-Ev,2025.02.08.08,1636.6474710000002
Jilin-Ev,2025.02.08.12,1763.1756360000002
Jilin-Ev,2025.02.08.16,1247.7717360000001
Jilin-Ev,2025.02.08.20,1021.8600000000001
Jilin-Ev,2025.03.21.00,1810.82124
Jilin-Ev,2025.03.21.04,1808.1936
Jilin-Ev,2025.03.21.08,1663.6734000000001
Jilin-Ev,2025.03.21.12,1641.1924800000002
Jilin-Ev,2025.03.21.16,1286.36658
Jilin-Ev,2025.03.21.20,1021.8600000000001
Jilin-Ev,2025.04.11.00,1996.8750180000004
Jilin-Ev,2025.04.11.04,2068.9891380000004
Jilin-Ev,2025.04.11.08,1683.6019380000002
Jilin-Ev,2025.04.11.12,1481.2736580000003
Jilin-Ev,2025.04.11.16,1092.8062800000002
Jilin-Ev,2025.04.11.20,1021.8600000000001
Jilin-Ev,2025.05.22.00,1938.73008
Jilin-Ev,2025.05.22.04,1919.1384
Jilin-Ev,2025.05.22.08,1870.9650000000001
Jilin-Ev,2025.05.22.12,1870.9650000000001
Jilin-Ev,2025.05.22.16,1451.9079000000002
Jilin-Ev,2025.05.22.20,1021.8600000000001
Jilin-Ev,2025.06.16.00,1566.6573600000002
Jilin-Ev,2025.06.16.04,1635.2679600000001
Jilin-Ev,2025.06.16.08,1298.0541600000001
Jilin-Ev,2025.06.16.12,1118.2068000000002
Jilin-Ev,2025.06.16.16,1021.8600000000001
Jilin-Ev,2025.06.16.20,1021.8600000000001
Jilin-Ev,2025.07.22.00,2001.546378
Jilin-Ev,2025.07.22.04,2029.41396
Jilin-Ev,2025.07.22.08,1547.6799600000002
Jilin-Ev,2025.07.22.12,1390.3135200000002
Jilin-Ev,2025.07.22.16,1069.1575200000002
Jilin-Ev,2025.07.22.20,1021.8600000000001
Jilin-Ev,2025.08.19.00,1747.533162
Jilin-Ev,2025.08.19.04,1725.313842
Jilin-Ev,2025.08.19.08,1438.076295
Jilin-Ev,2025.08.19.12,1587.08538
Jilin-Ev,2025.08.19.16,1522.85418
Jilin-Ev,2025.08.19.20,1021.8600000000001
Jilin-Ev,2025.09.20.00,1357.32204
Jilin-Ev,2025.09.20.04,1421.55324
Jilin-Ev,2025.09.20.08,1277.03304
Jilin-Ev,2025.09.20.12,1277.03304
Jilin-Ev,2025.09.20.16,1116.45504
Jilin-Ev,2025.09.20.20,1021.8600000000001
Jilin-Ev,2025.10.26.00,1517.01498
Jilin-Ev,2025.10.26.04,1514.38734
Jilin-Ev,2025.10.26.08,1514.38734
Jilin-Ev,2025.10.26.12,1446.94458
Jilin-Ev,2025.10.26.16,1286.36658
Jilin-Ev,2025.10.26.20,1021.8600000000001
Jilin-Ev,2025.11.19.00,1995.7071780000003
Jilin-Ev,2025.11.19.04,2061.6901380000004
Jilin-Ev,2025.11.19.08,1726.2791910000005
Jilin-Ev,2025.11.19.12,1785.3645960000006
Jilin-Ev,2025.11.19.16,1357.3128600000002
Jilin-Ev,2025.11.19.20,1021.8600000000001
Jilin-Ev,2025.12.16.00,1983.8440350000003
Jilin-Ev,2025.12.16.04,1982.0922750000002
Jilin-Ev,2025.12.16.08,1789.3986750000001
Jilin-Ev,2025.12.16.12,1870.9650000000001
Jilin-Ev,2025.12.16.16,1451.9079000000002
Jilin-Ev,2025.12.16.20,1021.8600000000001
Liaoning-Ev,2025.01.22.00,3521.5044578000006
Liaoning-Ev,2025.01.22.04,3640.3988898000007
Liaoning-Ev,2025.01.22.08,2797.9780291000006
Liaoning-Ev,2025.01.22.12,2901.6903596000006
Liaoning-Ev,2025.01.22.16,2084.239892
Liaoning-Ev,2025.01.22.20,1793.6660000000002
Liaoning-Ev,2025.02.08.00,3509.205033800001
Liaoning-Ev,2025.02.08.04,3628.099465800001
Liaoning-Ev,2025.02.08.08,3462.1469251000008
Liaoning-Ev,2025.02.08.12,3881.5444716000006
Liaoning-Ev,2025.02.08.16,2001.2187800000002
Liaoning-Ev,2025.02.08.20,1793.6660000000002
Liaoning-Ev,2025.03.21.00,3462.1742843918823
Liaoning-Ev,2025.03.21.04,3457.5620003918825
Liaoning-Ev,2025.03.21.08,2781.0936803918826
Liaoning-Ev,2025.03.21.12,2504.8691163918825
Liaoning-Ev,2025.03.21.16,2335.7520363918825
Liaoning-Ev,2025.03.21.20,1793.6660000000002
Liaoning-Ev,2025.04.11.00,2892.7348415
Liaoning-Ev,2025.04.11.04,2886.5851295
Liaoning-Ev,2025.04.11.08,2294.6753495000003
Liaoning-Ev,2025.04.11.12,2674.612244
Liaoning-Ev,2025.04.11.16,2167.261004
Liaoning-Ev,2025.04.11.20,1793.6660000000002
Liaoning-Ev,2025.05.22.00,3517.4046498000007
Liaoning-Ev,2025.05.22.04,3502.0303698000007
Liaoning-Ev,2025.05.22.08,2659.6095091000007
Liaoning-Ev,2025.05.22.12,3000.0857516000005
Liaoning-Ev,2025.05.22.16,1793.6660000000002
Liaoning-Ev,2025.05.22.20,1793.6660000000002
Liaoning-Ev,2025.06.16.00,2728.9347000000002
Liaoning-Ev,2025.06.16.04,2718.172704
Liaoning-Ev,2025.06.16.08,2295.380004
Liaoning-Ev,2025.06.16.12,2019.1554400000002
Liaoning-Ev,2025.06.16.16,1793.6660000000002
Liaoning-Ev,2025.06.16.20,1793.6660000000002
Liaoning-Ev,2025.07.22.00,2984.147748
Liaoning-Ev,2025.07.22.04,2984.147748
Liaoning-Ev,2025.07.22.08,2730.472128
Liaoning-Ev,2025.07.22.12,2493.708216
Liaoning-Ev,2025.07.22.16,2042.729336
Liaoning-Ev,2025.07.22.20,1793.6660000000002
Liaoning-Ev,2025.08.19.00,2100.5515207000003
Liaoning-Ev,2025.08.19.04,1959.6185407000003
Liaoning-Ev,2025.08.19.08,1793.6660000000002
Liaoning-Ev,2025.08.19.12,2015.7602865000001
Liaoning-Ev,2025.08.19.16,4641.302953500001
Liaoning-Ev,2025.08.19.20,1933.8538695000016
Liaoning-Ev,2025.09.20.00,2489.6084080000005
Liaoning-Ev,2025.09.20.04,2605.4279840000004
Liaoning-Ev,2025.09.20.08,2520.8694440000004
Liaoning-Ev,2025.09.20.12,2244.6448800000003
Liaoning-Ev,2025.09.20.16,1793.6660000000002
Liaoning-Ev,2025.09.20.20,2497.8080240000004
Liaoning-Ev,2025.10.26.00,3186.575768
Liaoning-Ev,2025.10.26.04,3185.03834
Liaoning-Ev,2025.10.26.08,2677.6871
Liaoning-Ev,2025.10.26.12,2283.0805800000003
Liaoning-Ev,2025.10.26.16,2001.2187800000002
Liaoning-Ev,2025.10.26.20,1793.6660000000002
Liaoning-Ev,2025.11.19.00,3503.0553218000005
Liaoning-Ev,2025.11.19.04,3628.0994658000004
Liaoning-Ev,2025.11.19.08,2954.7956851000004
Liaoning-Ev,2025.11.19.12,3295.2719276000003
Liaoning-Ev,2025.11.19.16,2957.0377676000003
Liaoning-Ev,2025.11.19.20,1793.6660000000002
Liaoning-Ev,2025.12.16.00,5416.6409382
Liaoning-Ev,2025.12.16.04,5537.0727982
Liaoning-Ev,2025.12.16.08,4948.3275575
Liaoning-Ev,2025.12.16.12,5091.50054
Liaoning-Ev,2025.12.16.16,1793.6660000000002
Liaoning-Ev,2025.12.16.20,3697.0020963999996
Gansu-Ev,2025.01.22.00,1038.950556
Gansu-Ev,2025.01.22.04,1034.80638
Gansu-Ev,2025.01.22.08,805.812
Gansu-Ev,2025.01.22.12,958.772385
Gansu-Ev,2025.01.22.16,2188.959519
Gansu-Ev,2025.01.22.20,1384.5621270000001
Gansu-Ev,2025.02.08.00,851.0812440000001
Gansu-Ev,2025.02.08.04,844.8649800000001
Gansu-Ev,2025.02.08.08,805.812
Gansu-Ev,2025.02.08.12,994.2281130000001
Gansu-Ev,2025.02.08.16,2351.042847
Gansu-Ev,2025.02.08.20,1397.4551190000002
Gansu-Ev,2025.03.21.00,1194.1220039999998
Gansu-Ev,2025.03.21.04,1148.7712199999999
Gansu-Ev,2025.03.21.08,805.812
Gansu-Ev,2025.03.21.12,923.3166570000001
Gansu-Ev,2025.03.21.16,2330.782431
Gansu-Ev,2025.03.21.20,1776.3691319999998
Gansu-Ev,2025.04.11.00,1046.3130600000002
Gansu-Ev,2025.04.11.04,996.8181000000001
Gansu-Ev,2025.04.11.08,805.812
Gansu-Ev,2025.04.11.12,941.044521
Gansu-Ev,2025.04.11.16,2120.580615
Gansu-Ev,2025.04.11.20,1636.8485400000002
Gansu-Ev,2025.05.22.00,1150.4290134
Gansu-Ev,2025.05.22.04,1146.2848374
Gansu-Ev,2025.05.22.08,805.812
Gansu-Ev,2025.05.22.12,976.5002489999999
Gansu-Ev,2025.05.22.16,2010.7727814
Gansu-Ev,2025.05.22.20,1150.4290134
Gansu-Ev,2025.06.16.00,854.616264
Gansu-Ev,2025.06.16.04,805.812
Gansu-Ev,2025.06.16.08,807.2336826000001
Gansu-Ev,2025.06.16.12,995.6497956000001
Gansu-Ev,2025.06.16.16,2301.8118
Gansu-Ev,2025.06.16.20,1441.468032
Gansu-Ev,2025.07.22.00,885.6572934
Gansu-Ev,2025.07.22.04,842.3785974
Gansu-Ev,2025.07.22.08,805.812
Gansu-Ev,2025.07.22.12,923.3166570000001
Gansu-Ev,2025.07.22.16,2102.8527510000004
Gansu-Ev,2025.07.22.20,1298.4553590000005
Gansu-Ev,2025.08.19.00,1152.2659494
Gansu-Ev,2025.08.19.04,1108.2965574
Gansu-Ev,2025.08.19.08,805.812
Gansu-Ev,2025.08.19.12,976.5002489999999
Gansu-Ev,2025.08.19.16,2358.640503
Gansu-Ev,2025.08.19.20,1572.8919030000002
Gansu-Ev,2025.09.20.00,1153.9227839999999
Gansu-Ev,2025.09.20.04,1147.70652
Gansu-Ev,2025.09.20.08,805.812
Gansu-Ev,2025.09.20.12,994.2281130000001
Gansu-Ev,2025.09.20.16,2325.7173270000003
Gansu-Ev,2025.09.20.20,1738.9326959999999
Gansu-Ev,2025.10.26.00,1166.3021910000002
Gansu-Ev,2025.10.26.04,1146.2848374
Gansu-Ev,2025.10.26.08,805.812
Gansu-Ev,2025.10.26.12,941.044521
Gansu-Ev,2025.10.26.16,2145.906135
Gansu-Ev,2025.10.26.20,1173.6696150000002
Gansu-Ev,2025.11.19.00,856.37166
Gansu-Ev,2025.11.19.04,806.8767
Gansu-Ev,2025.11.19.08,805.812
Gansu-Ev,2025.11.19.12,994.2281130000001
Gansu-Ev,2025.11.19.16,2148.438687
Gansu-Ev,2025.11.19.20,1442.3025
Gansu-Ev,2025.12.16.00,1004.8713
Gansu-Ev,2025.12.16.04,958.82982
Gansu-Ev,2025.12.16.08,805.812
Gansu-Ev,2025.12.16.12,834.6773370000001
Gansu-Ev,2025.12.16.16,2064.864471
Gansu-Ev,2025.12.16.20,1592.643996
Ningxia-Ev,2025.01.22.00,485.85116600000003
Ningxia-Ev,2025.01.22.04,469.43953400000004
Ningxia-Ev,2025.01.22.08,340.59200000000004
Ningxia-Ev,2025.01.22.12,367.77854
Ningxia-Ev,2025.01.22.16,930.558164
Ningxia-Ev,2025.01.22.20,583.3600880000001
Ningxia-Ev,2025.02.08.00,485.58688000000006
Ningxia-Ev,2025.02.08.04,482.95945600000005
Ningxia-Ev,2025.02.08.08,370.56409600000006
Ningxia-Ev,2025.02.08.12,340.59200000000004
Ningxia-Ev,2025.02.08.16,903.3716240000001
Ningxia-Ev,2025.02.08.20,603.4671800000002
Ningxia-Ev,2025.03.21.00,391.555838
Ningxia-Ev,2025.03.21.04,373.100654
Ningxia-Ev,2025.03.21.08,340.59200000000004
Ningxia-Ev,2025.03.21.12,420.2297080000001
Ningxia-Ev,2025.03.21.16,978.4496539999999
Ningxia-Ev,2025.03.21.20,607.6047619999999
Ningxia-Ev,2025.04.11.00,405.2768300000001
Ningxia-Ev,2025.04.11.04,389.15713400000004
Ningxia-Ev,2025.04.11.08,340.59200000000004
Ningxia-Ev,2025.04.11.12,390.257612
Ningxia-Ev,2025.04.11.16,920.9242760000001
Ningxia-Ev,2025.04.11.20,565.8439280000001
Ningxia-Ev,2025.05.22.00,494.97764229248077
Ningxia-Ev,2025.05.22.04,493.80989829248074
Ningxia-Ev,2025.05.22.08,398.07191989248076
Ningxia-Ev,2025.05.22.12,477.70962789248074
Ningxia-Ev,2025.05.22.16,648.3787159999999
Ningxia-Ev,2025.05.22.20,340.59200000000004
Ningxia-Ev,2025.06.16.00,388.2237544000001
Ningxia-Ev,2025.06.16.04,372.10405840000004
Ningxia-Ev,2025.06.16.08,340.59200000000004
Ningxia-Ev,2025.06.16.12,390.25761200000005
Ningxia-Ev,2025.06.16.16,920.9242760000002
Ningxia-Ev,2025.06.16.20,597.3730160000002
Ningxia-Ev,2025.07.22.00,468.44293840000006
Ningxia-Ev,2025.07.22.04,468.44293840000006
Ningxia-Ev,2025.07.22.08,340.59200000000004
Ningxia-Ev,2025.07.22.12,367.77854
Ningxia-Ev,2025.07.22.16,919.8538440000001
Ningxia-Ev,2025.07.22.20,564.7734960000001
Ningxia-Ev,2025.08.19.00,357.5875040000001
Ningxia-Ev,2025.08.19.04,340.59200000000004
Ningxia-Ev,2025.08.19.08,341.1929016
Ningxia-Ev,2025.08.19.12,428.3236336
Ningxia-Ev,2025.08.19.16,948.2859776
Ningxia-Ev,2025.08.19.20,577.4410856000001
Ningxia-Ev,2025.09.20.00,515.9482240000001
Ningxia-Ev,2025.09.20.04,515.0724160000001
Ningxia-Ev,2025.09.20.08,370.56409600000006
Ningxia-Ev,2025.09.20.12,340.59200000000004
Ningxia-Ev,2025.09.20.16,789.1192920000001
Ningxia-Ev,2025.09.20.20,733.9433880000001
Ningxia-Ev,2025.10.26.00,502.09582400000005
Ningxia-Ev,2025.10.26.04,485.10032
Ningxia-Ev,2025.10.26.08,340.59200000000004
Ningxia-Ev,2025.10.26.12,347.62621200000007
Ningxia-Ev,2025.10.26.16,835.475596
Ningxia-Ev,2025.10.26.20,504.04206400000004
Ningxia-Ev,2025.11.19.00,437.80668800000007
Ningxia-Ev,2025.11.19.04,436.93088000000006
Ningxia-Ev,2025.11.19.08,340.59200000000004
Ningxia-Ev,2025.11.19.12,427.72273200000006
Ningxia-Ev,2025.11.19.16,469.7250240000001
Ningxia-Ev,2025.11.19.20,438.1959360000001
Ningxia-Ev,2025.12.16.00,470.08662199998946
Ningxia-Ev,2025.12.16.04,453.3830540000001
Ningxia-Ev,2025.12.16.08,340.59200000000004
Ningxia-Ev,2025.12.16.12,405.2436600000001
Ningxia-Ev,2025.12.16.16,978.7276040000002
Ningxia-Ev,2025.12.16.20,686.7054320000002
Qinghai-Ev,2025.01.22.00,181.776744
Qinghai-Ev,2025.01.22.04,173.356776
Qinghai-Ev,2025.01.22.08,151.704
Qinghai-Ev,2025.01.22.12,163.81323
Qinghai-Ev,2025.01.22.16,395.4110580000001
Qinghai-Ev,2025.01.22.20,289.60956
Qinghai-Ev,2025.02.08.00,152.16156
Qinghai-Ev,2025.02.08.04,151.901496
Qinghai-Ev,2025.02.08.08,151.704
Qinghai-Ev,2025.02.08.12,173.825694
Qinghai-Ev,2025.02.08.16,410.191362
Qinghai-Ev,2025.02.08.20,260.514504
Qinghai-Ev,2025.03.21.00,196.08026400000003
Qinghai-Ev,2025.03.21.04,187.66029600000002
Qinghai-Ev,2025.03.21.08,151.704
Qinghai-Ev,2025.03.21.12,170.48820600000002
Qinghai-Ev,2025.03.21.16,402.0860340000001
Qinghai-Ev,2025.03.21.20,303.91307999999776
Qinghai-Ev,2025.04.11.00,181.776744
Qinghai-Ev,2025.04.11.04,173.356776
Qinghai-Ev,2025.04.11.08,151.704
Qinghai-Ev,2025.04.11.12,187.175646
Qinghai-Ev,2025.04.11.16,414.0056340000001
Qinghai-Ev,2025.04.11.20,289.9563120000073
Qinghai-Ev,2025.05.22.00,181.5716628
Qinghai-Ev,2025.05.22.04,172.8916308
Qinghai-Ev,2025.05.22.08,151.704
Qinghai-Ev,2025.05.22.12,190.513134
Qinghai-Ev,2025.05.22.16,431.64664200000004
Qinghai-Ev,2025.05.22.20,285.8945940000001
Qinghai-Ev,2025.06.16.00,231.25147200000004
Qinghai-Ev,2025.06.16.04,223.22160000000002
Qinghai-Ev,2025.06.16.08,151.704
Qinghai-Ev,2025.06.16.12,167.150718
Qinghai-Ev,2025.06.16.16,363.83371200000005
Qinghai-Ev,2025.06.16.20,339.25766400000003
Qinghai-Ev,2025.07.22.00,188.33332680000004
Qinghai-Ev,2025.07.22.04,180.04339080000003
Qinghai-Ev,2025.07.22.08,151.704
Qinghai-Ev,2025.07.22.12,163.81323
Qinghai-Ev,2025.07.22.16,385.875378
Qinghai-Ev,2025.07.22.20,297.72652680000004
Qinghai-Ev,2025.08.19.00,232.15411080000004
Qinghai-Ev,2025.08.19.04,222.95395080000003
Qinghai-Ev,2025.08.19.08,151.704
Qinghai-Ev,2025.08.19.12,187.175646
Qinghai-Ev,2025.08.19.16,418.7734740000001
Qinghai-Ev,2025.08.19.20,265.9996980000001
Qinghai-Ev,2025.09.20.00,166.1299668
Qinghai-Ev,2025.09.20.04,165.7398708
Qinghai-Ev,2025.09.20.08,151.704
Qinghai-Ev,2025.09.20.12,163.81323
Qinghai-Ev,2025.09.20.16,414.48241800000005
Qinghai-Ev,2025.09.20.20,275.5231668
Qinghai-Ev,2025.10.26.00,160.24739399999996
Qinghai-Ev,2025.10.26.04,151.8274260000001
Qinghai-Ev,2025.10.26.08,151.704
Qinghai-Ev,2025.10.26.12,177.163182
Qinghai-Ev,2025.10.26.16,432.60021
Qinghai-Ev,2025.10.26.20,269.29384200000004
Qinghai-Ev,2025.11.19.00,167.21316000000002
Qinghai-Ev,2025.11.19.04,159.053256
Qinghai-Ev,2025.11.19.08,151.704
Qinghai-Ev,2025.11.19.12,180.50067
Qinghai-Ev,2025.11.19.16,421.6341780000001
Qinghai-Ev,2025.11.19.20,275.7394800000031
Qinghai-Ev,2025.12.16.00,202.744008
Qinghai-Ev,2025.12.16.04,201.963816
Qinghai-Ev,2025.12.16.08,151.704
Qinghai-Ev,2025.12.16.12,163.81323
Qinghai-Ev,2025.12.16.16,400.178898
Qinghai-Ev,2025.12.16.20,311.27032799999256
Shaanxi-Ev,2025.01.22.00,5592.577859999999
Shaanxi-Ev,2025.01.22.04,5442.305376
Shaanxi-Ev,2025.01.22.08,4041.3999360000003
Shaanxi-Ev,2025.01.22.12,3714.5220000000004
Shaanxi-Ev,2025.01.22.16,6904.985172589393
Shaanxi-Ev,2025.01.22.20,6647.091216589393
Shaanxi-Ev,2025.02.08.00,4754.444724
Shaanxi-Ev,2025.02.08.04,4744.893096
Shaanxi-Ev,2025.02.08.08,4041.3999360000003
Shaanxi-Ev,2025.02.08.12,3714.5220000000004
Shaanxi-Ev,2025.02.08.16,9199.628604
Shaanxi-Ev,2025.02.08.20,6439.995972
Shaanxi-Ev,2025.03.21.00,5293.15008
Shaanxi-Ev,2025.03.21.04,5165.164728000001
Shaanxi-Ev,2025.03.21.08,4286.558388
Shaanxi-Ev,2025.03.21.12,3714.5220000000004
Shaanxi-Ev,2025.03.21.16,9480.440004
Shaanxi-Ev,2025.03.21.20,6978.701328
Shaanxi-Ev,2025.04.11.00,4367.703456
Shaanxi-Ev,2025.04.11.04,4242.901980000001
Shaanxi-Ev,2025.04.11.08,3714.5220000000004
Shaanxi-Ev,2025.04.11.12,3714.5220000000004
Shaanxi-Ev,2025.04.11.16,8387.309244
Shaanxi-Ev,2025.04.11.20,6057.499872
Shaanxi-Ev,2025.05.22.00,4255.5951939000015
Shaanxi-Ev,2025.05.22.04,4233.308061900001
Shaanxi-Ev,2025.05.22.08,3714.5220000000004
Shaanxi-Ev,2025.05.22.12,3847.5814845000004
Shaanxi-Ev,2025.05.22.16,4702.399125900001
Shaanxi-Ev,2025.05.22.20,4272.575865900001
Shaanxi-Ev,2025.06.16.00,4394.624445900001
Shaanxi-Ev,2025.06.16.04,4385.072817900001
Shaanxi-Ev,2025.06.16.08,4041.3999360000003
Shaanxi-Ev,2025.06.16.12,3714.5220000000004
Shaanxi-Ev,2025.06.16.16,4918.9026939000005
Shaanxi-Ev,2025.06.16.20,4403.114781900001
Shaanxi-Ev,2025.07.22.00,4633.373211000002
Shaanxi-Ev,2025.07.22.04,4623.821583000002
Shaanxi-Ev,2025.07.22.08,3929.9223411000016
Shaanxi-Ev,2025.07.22.12,3714.5220000000004
Shaanxi-Ev,2025.07.22.16,9151.786239000001
Shaanxi-Ev,2025.07.22.20,6306.188955000001
Shaanxi-Ev,2025.08.19.00,5456.935803
Shaanxi-Ev,2025.08.19.04,5316.214947
Shaanxi-Ev,2025.08.19.08,4972.5420651
Shaanxi-Ev,2025.08.19.12,3714.5220000000004
Shaanxi-Ev,2025.08.19.16,9618.754719
Shaanxi-Ev,2025.08.19.20,7117.016043000001
Shaanxi-Ev,2025.09.20.00,4531.71684
Shaanxi-Ev,2025.09.20.04,4531.71684
Shaanxi-Ev,2025.09.20.08,4531.71684
Shaanxi-Ev,2025.09.20.12,3714.5220000000004
Shaanxi-Ev,2025.09.20.16,5003.99178
Shaanxi-Ev,2025.09.20.20,4574.16852
Shaanxi-Ev,2025.10.26.00,5140.898448000001
Shaanxi-Ev,2025.10.26.04,5115.42744
Shaanxi-Ev,2025.10.26.08,3714.5220000000004
Shaanxi-Ev,2025.10.26.12,4664.776324500001
Shaanxi-Ev,2025.10.26.16,8110.666896000001
Shaanxi-Ev,2025.10.26.20,5179.104960000001
Shaanxi-Ev,2025.11.19.00,4878.573597900001
Shaanxi-Ev,2025.11.19.04,5108.873961900001
Shaanxi-Ev,2025.11.19.08,3714.5220000000004
Shaanxi-Ev,2025.11.19.12,4583.0568405
Shaanxi-Ev,2025.11.19.16,3999.3462405000005
Shaanxi-Ev,2025.11.19.20,4921.025277900001
Shaanxi-Ev,2025.12.16.00,4159.203348
Shaanxi-Ev,2025.12.16.04,4414.97472
Shaanxi-Ev,2025.12.16.08,3714.5220000000004
Shaanxi-Ev,2025.12.16.12,4092.7399365
Shaanxi-Ev,2025.12.16.16,3742.5135765
Shaanxi-Ev,2025.12.16.20,4197.40986
Xinjiang-Ev,2025.01.22.00,860.005936
Xinjiang-Ev,2025.01.22.04,854.4598960000001
Xinjiang-Ev,2025.01.22.08,732.4470160000001
Xinjiang-Ev,2025.01.22.12,647.038
Xinjiang-Ev,2025.01.22.16,907.147276
Xinjiang-Ev,2025.01.22.20,862.2243520000001
Xinjiang-Ev,2025.02.08.00,993.850368
Xinjiang-Ev,2025.02.08.04,992.74116
Xinjiang-Ev,2025.02.08.08,718.21218
Xinjiang-Ev,2025.02.08.12,647.038
Xinjiang-Ev,2025.02.08.16,997.547728
Xinjiang-Ev,2025.02.08.20,997.547728
Xinjiang-Ev,2025.03.21.00,771.305626
Xinjiang-Ev,2025.03.21.04,739.3060539999999
Xinjiang-Ev,2025.03.21.08,647.038
Xinjiang-Ev,2025.03.21.12,741.3900055
Xinjiang-Ev,2025.03.21.16,1769.8569065000002
Xinjiang-Ev,2025.03.21.20,1105.3419785
Xinjiang-Ev,2025.04.11.00,892.763902
Xinjiang-Ev,2025.04.11.04,861.318934
Xinjiang-Ev,2025.04.11.08,647.038
Xinjiang-Ev,2025.04.11.12,798.3293495
Xinjiang-Ev,2025.04.11.16,1908.1381705000003
Xinjiang-Ev,2025.04.11.20,1198.7003185000003
Xinjiang-Ev,2025.05.22.00,984.5920241000001
Xinjiang-Ev,2025.05.22.04,950.9286401
Xinjiang-Ev,2025.05.22.08,647.038
Xinjiang-Ev,2025.05.22.12,755.6248415
Xinjiang-Ev,2025.05.22.16,1763.7562625000003
Xinjiang-Ev,2025.05.22.20,1144.1642585000004
Xinjiang-Ev,2025.06.16.00,921.5346281000001
Xinjiang-Ev,2025.06.16.04,920.4254201000001
Xinjiang-Ev,2025.06.16.08,647.038
Xinjiang-Ev,2025.06.16.12,798.3293495
Xinjiang-Ev,2025.06.16.16,736.8838480000001
Xinjiang-Ev,2025.06.16.20,647.038
Xinjiang-Ev,2025.07.22.00,799.38664
Xinjiang-Ev,2025.07.22.04,769.05088
Xinjiang-Ev,2025.07.22.08,647.038
Xinjiang-Ev,2025.07.22.12,698.6854975
Xinjiang-Ev,2025.07.22.16,1645.8104785000003
Xinjiang-Ev,2025.07.22.20,936.3726265000003
Xinjiang-Ev,2025.08.19.00,954.0888041000002
Xinjiang-Ev,2025.08.19.04,920.4254201000001
Xinjiang-Ev,2025.08.19.08,647.038
Xinjiang-Ev,2025.08.19.12,784.0945135000001
Xinjiang-Ev,2025.08.19.16,1792.2259345000002
Xinjiang-Ev,2025.08.19.20,1127.7110065000002
Xinjiang-Ev,2025.09.20.00,834.9012905000003
Xinjiang-Ev,2025.09.20.04,799.5740945000003
Xinjiang-Ev,2025.09.20.08,647.038
Xinjiang-Ev,2025.09.20.12,727.1551694999999
Xinjiang-Ev,2025.09.20.16,1857.2994705
Xinjiang-Ev,2025.09.20.20,1252.6817745000003
Xinjiang-Ev,2025.10.26.00,1269.5902334000002
Xinjiang-Ev,2025.10.26.04,1267.9264214000002
Xinjiang-Ev,2025.10.26.08,964.0357813000003
Xinjiang-Ev,2025.10.26.12,1129.5619668000002
Xinjiang-Ev,2025.10.26.16,1266.630004
Xinjiang-Ev,2025.10.26.20,647.038
Xinjiang-Ev,2025.11.19.00,859.081596
Xinjiang-Ev,2025.11.19.04,858.526992
Xinjiang-Ev,2025.11.19.08,675.507672
Xinjiang-Ev,2025.11.19.12,647.038
Xinjiang-Ev,2025.11.19.16,984.0523639999999
Xinjiang-Ev,2025.11.19.20,864.2579
Xinjiang-Ev,2025.12.16.00,710.85379
Xinjiang-Ev,2025.12.16.04,678.299614
Xinjiang-Ev,2025.12.16.08,647.038
Xinjiang-Ev,2025.12.16.12,684.4506615
Xinjiang-Ev,2025.12.16.16,1763.940058
Xinjiang-Ev,2025.12.16.20,1129.373746
Guangdong-Ev,2025.01.22.00,28876.685720000005
Guangdong-Ev,2025.01.22.04,30611.045200000004
Guangdong-Ev,2025.01.22.08,27973.540000000005
Guangdong-Ev,2025.01.22.12,33283.51732500001
Guangdong-Ev,2025.01.22.16,28008.50692500001
Guangdong-Ev,2025.01.22.20,28008.50692500001
Guangdong-Ev,2025.02.08.00,39840.91472300001
Guangdong-Ev,2025.02.08.04,39792.960083000005
Guangdong-Ev,2025.02.08.08,27973.540000000005
Guangdong-Ev,2025.02.08.12,33898.935205
Guangdong-Ev,2025.02.08.16,42558.34432300001
Guangdong-Ev,2025.02.08.20,39968.79376300001
Guangdong-Ev,2025.03.21.00,30017.540665544217
Guangdong-Ev,2025.03.21.04,31823.832105544217
Guangdong-Ev,2025.03.21.08,29235.68022254422
Guangdong-Ev,2025.03.21.12,34545.65754754422
Guangdong-Ev,2025.03.21.16,27973.540000000005
Guangdong-Ev,2025.03.21.20,27973.540000000005
Guangdong-Ev,2025.04.11.00,28165.358560000004
Guangdong-Ev,2025.04.11.04,27973.540000000005
Guangdong-Ev,2025.04.11.08,27973.540000000005
Guangdong-Ev,2025.04.11.12,33248.55040000001
Guangdong-Ev,2025.04.11.16,27973.540000000005
Guangdong-Ev,2025.04.11.20,27973.540000000005
Guangdong-Ev,2025.05.22.00,33391.015643000006
Guangdong-Ev,2025.05.22.04,33199.19708300001
Guangdong-Ev,2025.05.22.08,27973.540000000005
Guangdong-Ev,2025.05.22.12,30206.427925000004
Guangdong-Ev,2025.05.22.16,35588.93664300001
Guangdong-Ev,2025.05.22.20,33646.773723000006
Guangdong-Ev,2025.06.16.00,36667.916043000005
Guangdong-Ev,2025.06.16.04,38474.207483000006
Guangdong-Ev,2025.06.16.08,27973.540000000005
Guangdong-Ev,2025.06.16.12,31437.263685
Guangdong-Ev,2025.06.16.16,28799.758485000002
Guangdong-Ev,2025.06.16.20,36955.643883000004
Guangdong-Ev,2025.07.22.00,35021.94406416404
Guangdong-Ev,2025.07.22.04,36852.21282416404
Guangdong-Ev,2025.07.22.08,28989.050541164037
Guangdong-Ev,2025.07.22.12,35529.863626164035
Guangdong-Ev,2025.07.22.16,27973.540000000005
Guangdong-Ev,2025.07.22.20,35085.88358416404
Guangdong-Ev,2025.08.19.00,32868.509878000004
Guangdong-Ev,2025.08.19.04,34746.73327800001
Guangdong-Ev,2025.08.19.08,29521.076195000005
Guangdong-Ev,2025.08.19.12,32369.382000000005
Guangdong-Ev,2025.08.19.16,27973.540000000005
Guangdong-Ev,2025.08.19.20,31377.128443245274
Guangdong-Ev,2025.09.20.00,29436.156520000004
Guangdong-Ev,2025.09.20.04,29292.292600000004
Guangdong-Ev,2025.09.20.08,27973.540000000005
Guangdong-Ev,2025.09.20.12,33283.51732500001
Guangdong-Ev,2025.09.20.16,28887.675325000007
Guangdong-Ev,2025.09.20.20,29596.005320000004
Guangdong-Ev,2025.10.26.00,41340.496278000006
Guangdong-Ev,2025.10.26.04,41340.496278000006
Guangdong-Ev,2025.10.26.08,32158.581395000005
Guangdong-Ev,2025.10.26.12,35006.887200000005
Guangdong-Ev,2025.10.26.16,27973.540000000005
Guangdong-Ev,2025.10.26.20,27973.540000000005
Guangdong-Ev,2025.11.19.00,47718.463398000014
Guangdong-Ev,2025.11.19.04,49476.80019800001
Guangdong-Ev,2025.11.19.08,37657.38011500001
Guangdong-Ev,2025.11.19.12,38659.43228000001
Guangdong-Ev,2025.11.19.16,32505.253480000007
Guangdong-Ev,2025.11.19.20,27973.540000000005
Guangdong-Ev,2025.12.16.00,30191.04247800001
Guangdong-Ev,2025.12.16.04,32093.24319800001
Guangdong-Ev,2025.12.16.08,28186.33871500001
Guangdong-Ev,2025.12.16.12,34727.15180000001
Guangdong-Ev,2025.12.16.16,31210.478200000005
Guangdong-Ev,2025.12.16.20,27973.540000000005
Guangxi-Ev,2025.01.22.00,10551.216796000002
Guangxi-Ev,2025.01.22.04,10525.043776000002
Guangxi-Ev,2025.01.22.08,8797.624456000001
Guangxi-Ev,2025.01.22.12,7722.785768000001
Guangxi-Ev,2025.01.22.16,6955.043848
Guangxi-Ev,2025.01.22.20,6107.0380000000005
Guangxi-Ev,2025.02.08.00,7844.6211761
Guangxi-Ev,2025.02.08.04,7823.6827601
Guangxi-Ev,2025.02.08.08,6107.0380000000005
Guangxi-Ev,2025.02.08.12,7400.6395135
Guangxi-Ev,2025.02.08.16,6824.8330735
Guangxi-Ev,2025.02.08.20,6259.4958415
Guangxi-Ev,2025.03.21.00,8575.7208681
Guangxi-Ev,2025.03.21.04,8975.2956401
Guangxi-Ev,2025.03.21.08,6107.0380000000005
Guangxi-Ev,2025.03.21.12,6863.2201695
Guangxi-Ev,2025.03.21.16,7237.712464
Guangxi-Ev,2025.03.21.20,6107.0380000000005
Guangxi-Ev,2025.04.11.00,10139.427948
Guangxi-Ev,2025.04.11.04,10554.706532
Guangxi-Ev,2025.04.11.08,8251.480772
Guangxi-Ev,2025.04.11.12,8117.125936
Guangxi-Ev,2025.04.11.16,6389.706616
Guangxi-Ev,2025.04.11.20,6107.0380000000005
Guangxi-Ev,2025.05.22.00,30535.19
Guangxi-Ev,2025.05.22.04,30498.547771999998
Guangxi-Ev,2025.05.22.08,28781.903011899998
Guangxi-Ev,2025.05.22.12,29020.90136955135
Guangxi-Ev,2025.05.22.16,28637.03040955135
Guangxi-Ev,2025.05.22.20,27365.02163755135
Guangxi-Ev,2025.06.16.00,10255.519838041797
Guangxi-Ev,2025.06.16.04,10686.502234041796
Guangxi-Ev,2025.06.16.08,10697.276793941797
Guangxi-Ev,2025.06.16.12,10916.039619441797
Guangxi-Ev,2025.06.16.16,7379.046772000001
Guangxi-Ev,2025.06.16.20,6107.0380000000005
Guangxi-Ev,2025.07.22.00,11927.132457400001
Guangxi-Ev,2025.07.22.04,12347.645645400002
Guangxi-Ev,2025.07.22.08,11782.613765300002
Guangxi-Ev,2025.07.22.12,13344.924950800003
Guangxi-Ev,2025.07.22.16,9519.131788
Guangxi-Ev,2025.07.22.20,6107.0380000000005
Guangxi-Ev,2025.08.19.00,11941.091401400003
Guangxi-Ev,2025.08.19.04,12366.839193400003
Guangxi-Ev,2025.08.19.08,10074.387993300003
Guangxi-Ev,2025.08.19.12,10696.215326800002
Guangxi-Ev,2025.08.19.16,9160.731486800001
Guangxi-Ev,2025.08.19.20,6107.0380000000005
Guangxi-Ev,2025.09.20.00,9060.445198500001
Guangxi-Ev,2025.09.20.04,9013.333762500002
Guangxi-Ev,2025.09.20.08,6422.204782500001
Guangxi-Ev,2025.09.20.12,7581.451460000001
Guangxi-Ev,2025.09.20.16,6813.709540000001
Guangxi-Ev,2025.09.20.20,6107.0380000000005
Guangxi-Ev,2025.10.26.00,9289.022906500002
Guangxi-Ev,2025.10.26.04,9289.022906500002
Guangxi-Ev,2025.10.26.08,6697.893926500001
Guangxi-Ev,2025.10.26.12,7722.785768000001
Guangxi-Ev,2025.10.26.16,6955.043848
Guangxi-Ev,2025.10.26.20,6107.0380000000005
Guangxi-Ev,2025.11.19.00,7439.8118001
Guangxi-Ev,2025.11.19.04,7823.6827601
Guangxi-Ev,2025.11.19.08,6107.0380000000005
Guangxi-Ev,2025.11.19.12,6298.973480000001
Guangxi-Ev,2025.11.19.16,6107.0380000000005
Guangxi-Ev,2025.11.19.20,6107.0380000000005
Guangxi-Ev,2025.12.16.00,8173.746902600002
Guangxi-Ev,2025.12.16.04,8599.494694600002
Guangxi-Ev,2025.12.16.08,7170.753154500001
Guangxi-Ev,2025.12.16.12,7389.515980000001
Guangxi-Ev,2025.12.16.16,6813.709540000001
Guangxi-Ev,2025.12.16.20,6107.0380000000005
Guizhou-Ev,2025.01.22.00,3517.620434
Guizhou-Ev,2025.01.22.04,3329.95685
Guizhou-Ev,2025.01.22.08,2414.762
Guizhou-Ev,2025.01.22.12,2713.7612805000003
Guizhou-Ev,2025.01.22.16,6172.562879500001
Guizhou-Ev,2025.01.22.20,5977.256406
Guizhou-Ev,2025.02.08.00,2842.866938
Guizhou-Ev,2025.02.08.04,2646.9241700000002
Guizhou-Ev,2025.02.08.08,2414.762
Guizhou-Ev,2025.02.08.12,2926.2603365000004
Guizhou-Ev,2025.02.08.16,6992.202095500001
Guizhou-Ev,2025.02.08.20,5308.022366
Guizhou-Ev,2025.03.21.00,4735.3827786
Guizhou-Ev,2025.03.21.04,4887.1678186
Guizhou-Ev,2025.03.21.08,4663.7505887
Guizhou-Ev,2025.03.21.12,4750.250813199999
Guizhou-Ev,2025.03.21.16,6171.480116
Guizhou-Ev,2025.03.21.20,2414.762
Guizhou-Ev,2025.04.11.00,3906.394984
Guizhou-Ev,2025.04.11.04,3906.394984
Guizhou-Ev,2025.04.11.08,3109.523524
Guizhou-Ev,2025.04.11.12,3109.523524
Guizhou-Ev,2025.04.11.16,2805.953444
Guizhou-Ev,2025.04.11.20,2414.762
Guizhou-Ev,2025.05.22.00,2613.2036915000003
Guizhou-Ev,2025.05.22.04,2596.6453235000004
Guizhou-Ev,2025.05.22.08,2596.6453235000004
Guizhou-Ev,2025.05.22.12,3001.8941320000004
Guizhou-Ev,2025.05.22.16,2470.6464920000003
Guizhou-Ev,2025.05.22.20,2414.762
Guizhou-Ev,2025.06.16.00,4002.295532
Guizhou-Ev,2025.06.16.04,3989.876756
Guizhou-Ev,2025.06.16.08,2965.327736
Guizhou-Ev,2025.06.16.12,2805.953444
Guizhou-Ev,2025.06.16.16,2805.953444
Guizhou-Ev,2025.06.16.20,2414.762
Guizhou-Ev,2025.07.22.00,3046.2261423999994
Guizhou-Ev,2025.07.22.04,3204.2205703999994
Guizhou-Ev,2025.07.22.08,2525.4482204999995
Guizhou-Ev,2025.07.22.12,2824.447500999999
Guizhou-Ev,2025.07.22.16,6283.249099999999
Guizhou-Ev,2025.07.22.20,2414.762
Guizhou-Ev,2025.08.19.00,3713.1718987423883
Guizhou-Ev,2025.08.19.04,3883.5851027423882
Guizhou-Ev,2025.08.19.08,3887.845432842388
Guizhou-Ev,2025.08.19.12,4505.593297342388
Guizhou-Ev,2025.08.19.16,6283.249100000001
Guizhou-Ev,2025.08.19.20,2414.762
Guizhou-Ev,2025.09.20.00,3018.4525000000003
Guizhou-Ev,2025.09.20.04,3014.3129080000003
Guizhou-Ev,2025.09.20.08,2786.6353480000002
Guizhou-Ev,2025.09.20.12,2414.762
Guizhou-Ev,2025.09.20.16,3255.7891080000004
Guizhou-Ev,2025.09.20.20,3032.2511400000003
Guizhou-Ev,2025.10.26.00,4729.8633226
Guizhou-Ev,2025.10.26.04,4881.6483626
Guizhou-Ev,2025.10.26.08,4885.9086927
Guizhou-Ev,2025.10.26.12,5238.0327372
Guizhou-Ev,2025.10.26.16,6003.826639999999
Guizhou-Ev,2025.10.26.20,2414.762
Guizhou-Ev,2025.11.19.00,4240.322072
Guizhou-Ev,2025.11.19.04,4410.735276
Guizhou-Ev,2025.11.19.08,3386.1862560000004
Guizhou-Ev,2025.11.19.12,3173.6872000000003
Guizhou-Ev,2025.11.19.16,2414.762
Guizhou-Ev,2025.11.19.20,4265.159624
Guizhou-Ev,2025.12.16.00,3200.3358235
Guizhou-Ev,2025.12.16.04,3179.6378635
Guizhou-Ev,2025.12.16.08,2838.1215235
Guizhou-Ev,2025.12.16.12,2977.746512
Guizhou-Ev,2025.12.16.16,2750.068952
Guizhou-Ev,2025.12.16.20,2414.762
Hainan-Ev,2025.01.22.00,3195.2038951000004
Hainan-Ev,2025.01.22.04,3092.5559431000006
Hainan-Ev,2025.01.22.08,2605.7780000000002
Hainan-Ev,2025.01.22.12,2699.1206905
Hainan-Ev,2025.01.22.16,4030.0564755047208
Hainan-Ev,2025.01.22.20,3204.1379911000004
Hainan-Ev,2025.02.08.00,3438.6742700000004
Hainan-Ev,2025.02.08.04,3344.9604140000006
Hainan-Ev,2025.02.08.08,2605.7780000000002
Hainan-Ev,2025.02.08.12,3100.4105025000003
Hainan-Ev,2025.02.08.16,6597.130761999989
Hainan-Ev,2025.02.08.20,4610.808153999996
Hainan-Ev,2025.03.21.00,3288.3778060000004
Hainan-Ev,2025.03.21.04,3467.804234
Hainan-Ev,2025.03.21.08,2605.7780000000002
Hainan-Ev,2025.03.21.12,2985.7562705
Hainan-Ev,2025.03.21.16,5762.792121829233
Hainan-Ev,2025.03.21.20,4432.692856306275
Hainan-Ev,2025.04.11.00,3925.566243100001
Hainan-Ev,2025.04.11.04,3829.618863100001
Hainan-Ev,2025.04.11.08,2605.7780000000002
Hainan-Ev,2025.04.11.12,2813.7749225000002
Hainan-Ev,2025.04.11.16,5222.471580217055
Hainan-Ev,2025.04.11.20,5112.590287099996
Hainan-Ev,2025.05.22.00,3647.958911100001
Hainan-Ev,2025.05.22.04,3829.618863100001
Hainan-Ev,2025.05.22.08,2605.7780000000002
Hainan-Ev,2025.05.22.12,2756.4478065000003
Hainan-Ev,2025.05.22.16,4688.790009853422
Hainan-Ev,2025.05.22.20,3124.603437853428
Hainan-Ev,2025.06.16.00,3408.9718431000006
Hainan-Ev,2025.06.16.04,3583.9312231000004
Hainan-Ev,2025.06.16.08,2605.7780000000002
Hainan-Ev,2025.06.16.12,2699.1206905
Hainan-Ev,2025.06.16.16,3034.0513462413983
Hainan-Ev,2025.06.16.20,2912.982462181806
Hainan-Ev,2025.07.22.00,3299.5291671000004
Hainan-Ev,2025.07.22.04,3461.0874031000003
Hainan-Ev,2025.07.22.08,2605.7780000000002
Hainan-Ev,2025.07.22.12,3157.7376185000003
Hainan-Ev,2025.07.22.16,4923.393817702458
Hainan-Ev,2025.07.22.20,4440.952633702458
Hainan-Ev,2025.08.19.00,2908.6624671000004
Hainan-Ev,2025.08.19.04,3092.5559431000006
Hainan-Ev,2025.08.19.08,2605.7780000000002
Hainan-Ev,2025.08.19.12,3272.3918505
Hainan-Ev,2025.08.19.16,4463.066633948326
Hainan-Ev,2025.08.19.20,3827.3085564044227
Hainan-Ev,2025.09.20.00,3706.775043100001
Hainan-Ev,2025.09.20.04,3706.775043100001
Hainan-Ev,2025.09.20.08,2605.7780000000002
Hainan-Ev,2025.09.20.12,2756.4478065000003
Hainan-Ev,2025.09.20.16,5688.160577753295
Hainan-Ev,2025.09.20.20,3942.2219213827707
Hainan-Ev,2025.10.26.00,3923.3327191000008
Hainan-Ev,2025.10.26.04,3829.618863100001
Hainan-Ev,2025.10.26.08,2605.7780000000002
Hainan-Ev,2025.10.26.12,2871.1020385
Hainan-Ev,2025.10.26.16,4387.278269577903
Hainan-Ev,2025.10.26.20,4326.973121577903
Hainan-Ev,2025.11.19.00,2605.7780000000002
Hainan-Ev,2025.11.19.04,2787.437952
Hainan-Ev,2025.11.19.08,2792.0352889
Hainan-Ev,2025.11.19.12,2885.3779794
Hainan-Ev,2025.11.19.16,3891.865380651854
Hainan-Ev,2025.11.19.20,3288.813900651854
Hainan-Ev,2025.12.16.00,2794.7527431000008
Hainan-Ev,2025.12.16.04,2969.7121231000006
Hainan-Ev,2025.12.16.08,2605.7780000000002
Hainan-Ev,2025.12.16.12,2871.1020385
Hainan-Ev,2025.12.16.16,3567.034740409148
Hainan-Ev,2025.12.16.20,3144.898704409148
Yunnan-Ev,2025.01.22.00,3525.88594
Yunnan-Ev,2025.01.22.04,3413.641012
Yunnan-Ev,2025.01.22.08,2988.328
Yunnan-Ev,2025.01.22.12,3358.3470420000003
Yunnan-Ev,2025.01.22.16,7541.678915999999
Yunnan-Ev,2025.01.22.20,5012.008956
Yunnan-Ev,2025.02.08.00,4517.1570280000005
Yunnan-Ev,2025.02.08.04,4399.7892520000005
Yunnan-Ev,2025.02.08.08,2988.328
Yunnan-Ev,2025.02.08.12,2988.328
Yunnan-Ev,2025.02.08.16,7362.599836000001
Yunnan-Ev,2025.02.08.20,5993.034348000001
Yunnan-Ev,2025.03.21.00,3758.3133996
Yunnan-Ev,2025.03.21.04,3969.2039756
Yunnan-Ev,2025.03.21.08,2988.328
Yunnan-Ev,2025.03.21.12,3424.0902579999997
Yunnan-Ev,2025.03.21.16,2988.328
Yunnan-Ev,2025.03.21.20,2988.328
Yunnan-Ev,2025.04.11.00,3055.458654
Yunnan-Ev,2025.04.11.04,3040.09011
Yunnan-Ev,2025.04.11.08,3040.09011
Yunnan-Ev,2025.04.11.12,3541.595584
Yunnan-Ev,2025.04.11.16,3541.595584
Yunnan-Ev,2025.04.11.20,2988.328
Yunnan-Ev,2025.05.22.00,3909.1172376000004
Yunnan-Ev,2025.05.22.04,3898.8715416000005
Yunnan-Ev,2025.05.22.08,3199.7522060000006
Yunnan-Ev,2025.05.22.12,3635.5144640000003
Yunnan-Ev,2025.05.22.16,3541.595584
Yunnan-Ev,2025.05.22.20,2988.328
Yunnan-Ev,2025.06.16.00,3671.5740780000024
Yunnan-Ev,2025.06.16.04,3546.5690156
Yunnan-Ev,2025.06.16.08,2988.328
Yunnan-Ev,2025.06.16.12,3226.8606099999997
Yunnan-Ev,2025.06.16.16,7601.132446000001
Yunnan-Ev,2025.06.16.20,5140.620934000002
Yunnan-Ev,2025.07.22.00,3215.2915116
Yunnan-Ev,2025.07.22.04,3405.6906956
Yunnan-Ev,2025.07.22.08,2988.328
Yunnan-Ev,2025.07.22.12,3687.0631220000005
Yunnan-Ev,2025.07.22.16,5883.2783676
Yunnan-Ev,2025.07.22.20,3215.2915116
Yunnan-Ev,2025.08.19.00,5132.239888
Yunnan-Ev,2025.08.19.04,5116.871344
Yunnan-Ev,2025.08.19.08,4412.479744
Yunnan-Ev,2025.08.19.12,4149.50688
Yunnan-Ev,2025.08.19.16,3679.91248
Yunnan-Ev,2025.08.19.20,2988.328
Yunnan-Ev,2025.09.20.00,5154.438896
Yunnan-Ev,2025.09.20.04,5128.824656
Yunnan-Ev,2025.09.20.08,4283.554736
Yunnan-Ev,2025.09.20.12,3823.352224
Yunnan-Ev,2025.09.20.16,3541.595584
Yunnan-Ev,2025.09.20.20,2988.328
Yunnan-Ev,2025.10.26.00,3833.4485035999955
Yunnan-Ev,2025.10.26.04,3828.3256555999956
Yunnan-Ev,2025.10.26.08,2988.3279999999954
Yunnan-Ev,2025.10.26.12,3358.3470419999953
Yunnan-Ev,2025.10.26.16,3057.486448
Yunnan-Ev,2025.10.26.20,2988.328
Yunnan-Ev,2025.11.19.00,4678.547662
Yunnan-Ev,2025.11.19.04,4868.946846
Yunnan-Ev,2025.11.19.08,4446.3118859999995
Yunnan-Ev,2025.11.19.12,4619.10128
Yunnan-Ev,2025.11.19.16,3679.91248
Yunnan-Ev,2025.11.19.20,2988.328
Yunnan-Ev,2025.12.16.00,3149.6977119999997
Yunnan-Ev,2025.12.16.04,3129.20632
Yunnan-Ev,2025.12.16.08,2988.328
Yunnan-Ev,2025.12.16.12,3358.347042
Yunnan-Ev,2025.12.16.16,3170.509282
Yunnan-Ev,2025.12.16.20,2988.328
Tibet-Ev,2025.01.22.00,301.2202952
Tibet-Ev,2025.01.22.04,300.26542919999997
Tibet-Ev,2025.01.22.08,269.228773
Tibet-Ev,2025.01.22.12,289.25775999999996
Tibet-Ev,2025.01.22.16,94.556
Tibet-Ev,2025.01.22.20,211.10707639999998
Tibet-Ev,2025.02.08.00,184.88534679999998
Tibet-Ev,2025.02.08.04,177.85910679999998
Tibet-Ev,2025.02.08.08,173.40146679999998
Tibet-Ev,2025.02.08.12,158.83984279999999
Tibet-Ev,2025.02.08.16,246.07308799999998
Tibet-Ev,2025.02.08.20,94.556
Tibet-Ev,2025.03.21.00,450.89703999999995
Tibet-Ev,2025.03.21.04,443.54660799999994
Tibet-Ev,2025.03.21.08,403.59467179999996
Tibet-Ev,2025.03.21.12,376.0443197999999
Tibet-Ev,2025.03.21.16,472.78
Tibet-Ev,2025.03.21.20,450.89703999999995
Tibet-Ev,2025.04.11.00,295.4118552
Tibet-Ev,2025.04.11.04,287.8182791999998
Tibet-Ev,2025.04.11.08,278.9029991999998
Tibet-Ev,2025.04.11.12,298.17304
Tibet-Ev,2025.04.11.16,94.556
Tibet-Ev,2025.04.11.20,204.5421884
Tibet-Ev,2025.05.22.00,306.0291432
Tibet-Ev,2025.05.22.04,298.6787112
Tibet-Ev,2025.05.22.08,263.184415
Tibet-Ev,2025.05.22.12,283.213402
Tibet-Ev,2025.05.22.16,94.556
Tibet-Ev,2025.05.22.20,215.4836684
Tibet-Ev,2025.06.16.00,185.20953880000002
Tibet-Ev,2025.06.16.04,177.53491480000002
Tibet-Ev,2025.06.16.08,177.53491480000002
Tibet-Ev,2025.06.16.12,158.81282680000004
Tibet-Ev,2025.06.16.16,232.943312
Tibet-Ev,2025.06.16.20,94.556
Tibet-Ev,2025.07.22.00,472.455808
Tibet-Ev,2025.07.22.04,472.212664
Tibet-Ev,2025.07.22.08,427.63626400000004
Tibet-Ev,2025.07.22.12,437.26409100000006
Tibet-Ev,2025.07.22.16,413.49001100000004
Tibet-Ev,2025.07.22.20,472.78
Tibet-Ev,2025.08.19.00,115.196224
Tibet-Ev,2025.08.19.04,121.30184
Tibet-Ev,2025.08.19.08,94.556
Tibet-Ev,2025.08.19.12,112.50475499999999
Tibet-Ev,2025.08.19.16,274.68855700000006
Tibet-Ev,2025.08.19.20,211.75278400000036
Tibet-Ev,2025.09.20.00,168.958064
Tibet-Ev,2025.09.20.04,168.228632
Tibet-Ev,2025.09.20.08,132.567512
Tibet-Ev,2025.09.20.12,118.005888
Tibet-Ev,2025.09.20.16,112.06236799999999
Tibet-Ev,2025.09.20.20,94.556
Tibet-Ev,2025.10.26.00,157.98484020000004
Tibet-Ev,2025.10.26.04,157.74169620000004
Tibet-Ev,2025.10.26.08,140.07796000000002
Tibet-Ev,2025.10.26.12,125.51633600000001
Tibet-Ev,2025.10.26.16,107.685776
Tibet-Ev,2025.10.26.20,94.556
Tibet-Ev,2025.11.19.00,196.8966604
Tibet-Ev,2025.11.19.04,203.2454204
Tibet-Ev,2025.11.19.08,181.12404420000001
Tibet-Ev,2025.11.19.12,186.59140720000002
Tibet-Ev,2025.11.19.16,94.556
Tibet-Ev,2025.11.19.20,197.9773004
Tibet-Ev,2025.12.16.00,472.78
Tibet-Ev,2025.12.16.04,472.29371199999997
Tibet-Ev,2025.12.16.08,436.79941579999996
Tibet-Ev,2025.12.16.12,444.34701079999996
Tibet-Ev,2025.12.16.16,276.84105679999993
Tibet-Ev,2025.12.16.20,382.4506531999999
