ZONE_TIMEPOINTS_1,ZONE_TIMEPOINTS_2,WithdrawFromCentralGrid
Chongqing,2025.01.22.00,17506.167096824185
Chongqing,2025.01.22.04,14119.180082127983
Chongqing,2025.01.22.08,14637.650958239494
Chongqing,2025.01.22.12,18290.18266299979
Chongqing,2025.01.22.16,19514.118162377403
Chongqing,2025.01.22.20,18432.31112345336
Chongqing,2025.02.08.00,15385.573942384372
Chongqing,2025.02.08.04,12408.866427353432
Chongqing,2025.02.08.08,12857.983642685958
Chongqing,2025.02.08.12,16190.95452351753
Chongqing,2025.02.08.16,17388.113820987848
Chongqing,2025.02.08.20,15763.032247346675
Chongqing,2025.03.21.00,15881.88277923548
Chongqing,2025.03.21.04,12809.152441138966
Chongqing,2025.03.21.08,13273.547545868321
Chongqing,2025.03.21.12,16544.764672741603
Chongqing,2025.03.21.16,17735.228004908975
Chongqing,2025.03.21.20,16978.26803611492
Chongqing,2025.04.11.00,17052.299767780627
Chongqing,2025.04.11.04,13236.12418917698
Chongqing,2025.04.11.08,13699.483922884794
Chongqing,2025.04.11.12,17164.34536060106
Chongqing,2025.04.11.16,18365.177270472122
Chongqing,2025.04.11.20,16813.90106383643
Chongqing,2025.05.22.00,17072.085125956735
Chongqing,2025.05.22.04,13100.270114391975
Chongqing,2025.05.22.08,13545.440487581416
Chongqing,2025.05.22.12,16909.162002394933
Chongqing,2025.05.22.16,18160.727160091024
Chongqing,2025.05.22.20,16641.32509371806
Chongqing,2025.06.16.00,17157.247559850475
Chongqing,2025.06.16.04,13837.76738056642
Chongqing,2025.06.16.08,14287.388416532842
Chongqing,2025.06.16.12,17807.6081143943
Chongqing,2025.06.16.16,19094.23562771827
Chongqing,2025.06.16.20,18333.144137257877
Chongqing,2025.07.22.00,18455.821483299365
Chongqing,2025.07.22.04,15796.1900506811
Chongqing,2025.07.22.08,16229.722046660507
Chongqing,2025.07.22.12,20555.33179263104
Chongqing,2025.07.22.16,22511.14296595034
Chongqing,2025.07.22.20,20238.8345324849
Chongqing,2025.08.19.00,23931.56781710826
Chongqing,2025.08.19.04,18707.36174681246
Chongqing,2025.08.19.08,19295.492709332317
Chongqing,2025.08.19.12,24436.461078835167
Chongqing,2025.08.19.16,23978.716594409925
Chongqing,2025.08.19.20,25067.389168800742
Chongqing,2025.09.20.00,17976.07854143423
Chongqing,2025.09.20.04,14816.095478922283
Chongqing,2025.09.20.08,15212.272035136748
Chongqing,2025.09.20.12,18928.87216989525
Chongqing,2025.09.20.16,21520.15658828299
Chongqing,2025.09.20.20,18799.35270803319
Chongqing,2025.10.26.00,17382.026729511694
Chongqing,2025.10.26.04,13903.928322285747
Chongqing,2025.10.26.08,14303.168952724922
Chongqing,2025.10.26.12,18031.578106980654
Chongqing,2025.10.26.16,19342.99106724638
Chongqing,2025.10.26.20,17590.721637683608
Chongqing,2025.11.19.00,18017.263911388723
Chongqing,2025.11.19.04,13988.177527878986
Chongqing,2025.11.19.08,14494.982263305703
Chongqing,2025.11.19.12,18071.99093808448
Chongqing,2025.11.19.16,19396.835939172648
Chongqing,2025.11.19.20,17769.237403306866
Chongqing,2025.12.16.00,19310.9269293208
Chongqing,2025.12.16.04,15650.631843604437
Chongqing,2025.12.16.08,16141.897015478247
Chongqing,2025.12.16.12,20219.22201504427
Chongqing,2025.12.16.16,21596.112575724186
Chongqing,2025.12.16.20,19784.686944597994
Henan,2025.01.22.00,67025.65732417186
Henan,2025.01.22.04,58161.91064392925
Henan,2025.01.22.08,58872.33009670824
Henan,2025.01.22.12,53324.24389000917
Henan,2025.01.22.16,67086.40270719357
Henan,2025.01.22.20,69291.33739116706
Henan,2025.02.08.00,61734.284158242575
Henan,2025.02.08.04,53593.361977022076
Henan,2025.02.08.08,53964.37630841954
Henan,2025.02.08.12,63134.23459417434
Henan,2025.02.08.16,64240.17512605286
Henan,2025.02.08.20,63999.28452100071
Henan,2025.03.21.00,57409.97953414666
Henan,2025.03.21.04,49511.24903952524
Henan,2025.03.21.08,49847.12927020909
Henan,2025.03.21.12,58436.10898168543
Henan,2025.03.21.16,59421.190404706125
Henan,2025.03.21.20,58985.35010066642
Henan,2025.04.11.00,54592.460416113405
Henan,2025.04.11.04,47397.36092925618
Henan,2025.04.11.08,45713.69703613496
Henan,2025.04.11.12,53670.672525000526
Henan,2025.04.11.16,56582.77377165364
Henan,2025.04.11.20,56268.577321634206
Henan,2025.05.22.00,55566.68778030083
Henan,2025.05.22.04,48590.96290776135
Henan,2025.05.22.08,37862.328857409186
Henan,2025.05.22.12,41378.895240851525
Henan,2025.05.22.16,53398.21431818469
Henan,2025.05.22.20,57888.96590223823
Henan,2025.06.16.00,63281.83782597736
Henan,2025.06.16.04,56296.8037658963
Henan,2025.06.16.08,47495.12442722977
Henan,2025.06.16.12,56615.42062123231
Henan,2025.06.16.16,65486.57164652894
Henan,2025.06.16.20,67988.48754201495
Henan,2025.07.22.00,73937.84205058948
Henan,2025.07.22.04,64972.01085567276
Henan,2025.07.22.08,62360.07362927085
Henan,2025.07.22.12,69349.4263145283
Henan,2025.07.22.16,75794.67318772039
Henan,2025.07.22.20,77404.56727332251
Henan,2025.08.19.00,65956.36209626643
Henan,2025.08.19.04,59266.2520913055
Henan,2025.08.19.08,59262.77298967255
Henan,2025.08.19.12,63687.64345023506
Henan,2025.08.19.16,68445.46882221842
Henan,2025.08.19.20,70606.99733042977
Henan,2025.09.20.00,53126.96406642503
Henan,2025.09.20.04,47738.16946249535
Henan,2025.09.20.08,45741.48343445544
Henan,2025.09.20.12,51504.7826079887
Henan,2025.09.20.16,55795.96998853242
Henan,2025.09.20.20,57595.274522067855
Henan,2025.10.26.00,49364.85772989588
Henan,2025.10.26.04,44357.66248108237
Henan,2025.10.26.08,35964.653261202
Henan,2025.10.26.12,33488.62328845976
Henan,2025.10.26.16,50888.06889378849
Henan,2025.10.26.20,54028.38967323244
Henan,2025.11.19.00,52491.977030352275
Henan,2025.11.19.04,47167.591488918275
Henan,2025.11.19.08,43708.48549053834
Henan,2025.11.19.12,41290.56546250844
Henan,2025.11.19.16,56896.26808172756
Henan,2025.11.19.20,57254.3050278255
Henan,2025.12.16.00,60306.85307397545
Henan,2025.12.16.04,53744.55407798416
Henan,2025.12.16.08,49890.78491949176
Henan,2025.12.16.12,44114.8489849623
Henan,2025.12.16.16,63515.843536808236
Henan,2025.12.16.20,64028.70862262725
Hubei,2025.01.22.00,36295.08378552352
Hubei,2025.01.22.04,32669.030639764103
Hubei,2025.01.22.08,32515.36916841711
Hubei,2025.01.22.12,35721.960855617326
Hubei,2025.01.22.16,39516.24955965379
Hubei,2025.01.22.20,37751.6376182944
Hubei,2025.02.08.00,31945.32603372124
Hubei,2025.02.08.04,28802.92526077582
Hubei,2025.02.08.08,28762.8373530962
Hubei,2025.02.08.12,33650.14486103909
Hubei,2025.02.08.16,35380.961243752
Hubei,2025.02.08.20,33395.158033026826
Hubei,2025.03.21.00,30832.173831649736
Hubei,2025.03.21.04,27815.36461478395
Hubei,2025.03.21.08,27577.12747899916
Hubei,2025.03.21.12,32495.80104518539
Hubei,2025.03.21.16,34753.317915226515
Hubei,2025.03.21.20,32250.1443394
Hubei,2025.04.11.00,30893.57984746794
Hubei,2025.04.11.04,27220.87682931943
Hubei,2025.04.11.08,27021.62460744055
Hubei,2025.04.11.12,31138.7731970698
Hubei,2025.04.11.16,33108.14322757726
Hubei,2025.04.11.20,31881.67411739098
Hubei,2025.05.22.00,31102.43838483204
Hubei,2025.05.22.04,27596.817013015632
Hubei,2025.05.22.08,25385.025721793176
Hubei,2025.05.22.12,29157.415363620024
Hubei,2025.05.22.16,33181.01012730584
Hubei,2025.05.22.20,32227.17387014863
Hubei,2025.06.16.00,34108.84762826093
Hubei,2025.06.16.04,30771.428526271386
Hubei,2025.06.16.08,29031.200049534393
Hubei,2025.06.16.12,32659.10538189575
Hubei,2025.06.16.16,37670.70135044808
Hubei,2025.06.16.20,35677.51223991974
Hubei,2025.07.22.00,39675.83138896223
Hubei,2025.07.22.04,35614.18641701437
Hubei,2025.07.22.08,35076.61739111775
Hubei,2025.07.22.12,40054.509699975046
Hubei,2025.07.22.16,43034.01367126665
Hubei,2025.07.22.20,41166.343035248785
Hubei,2025.08.19.00,43641.44233153823
Hubei,2025.08.19.04,39105.12842757687
Hubei,2025.08.19.08,38845.14194450464
Hubei,2025.08.19.12,45885.64257113098
Hubei,2025.08.19.16,47870.92479366305
Hubei,2025.08.19.20,45339.906690629155
Hubei,2025.09.20.00,35608.1363775
Hubei,2025.09.20.04,32124.017657697466
Hubei,2025.09.20.08,30378.927949275992
Hubei,2025.09.20.12,34261.921201681944
Hubei,2025.09.20.16,38885.84981535229
Hubei,2025.09.20.20,37245.753221999475
Hubei,2025.10.26.00,30289.798775841165
Hubei,2025.10.26.04,26670.02535770264
Hubei,2025.10.26.08,24993.458785008097
Hubei,2025.10.26.12,28279.401059193206
Hubei,2025.10.26.16,32167.20099975995
Hubei,2025.10.26.20,30922.181195156496
Hubei,2025.11.19.00,32135.05054199367
Hubei,2025.11.19.04,28513.08778919747
Hubei,2025.11.19.08,28012.723202581838
Hubei,2025.11.19.12,30303.802117111052
Hubei,2025.11.19.16,34612.94490424439
Hubei,2025.11.19.20,32933.08648106315
Hubei,2025.12.16.00,36244.55081333217
Hubei,2025.12.16.04,32341.79200822017
Hubei,2025.12.16.08,31335.4353611458
Hubei,2025.12.16.12,34442.74275410148
Hubei,2025.12.16.16,39199.29200050834
Hubei,2025.12.16.20,37372.22525944625
Hunan,2025.01.22.00,35203.71591572765
Hunan,2025.01.22.04,26997.943003176566
Hunan,2025.01.22.08,28555.99200376325
Hunan,2025.01.22.12,32169.12412259207
Hunan,2025.01.22.16,34846.970168661486
Hunan,2025.01.22.20,36373.451166817635
Hunan,2025.02.08.00,33213.724243310804
Hunan,2025.02.08.04,25165.370724223445
Hunan,2025.02.08.08,26429.64593198754
Hunan,2025.02.08.12,31130.938501307075
Hunan,2025.02.08.16,31921.169987461148
Hunan,2025.02.08.20,34238.90725753821
Hunan,2025.03.21.00,29911.98136124778
Hunan,2025.03.21.04,22987.519483391447
Hunan,2025.03.21.08,23421.19621816568
Hunan,2025.03.21.12,28661.07951754752
Hunan,2025.03.21.16,29245.717554637806
Hunan,2025.03.21.20,31039.075286598956
Hunan,2025.04.11.00,29219.007219562736
Hunan,2025.04.11.04,21793.142476967794
Hunan,2025.04.11.08,22820.543192853856
Hunan,2025.04.11.12,27964.06360334858
Hunan,2025.04.11.16,27822.13598116938
Hunan,2025.04.11.20,29902.367827020054
Hunan,2025.05.22.00,27028.75752656744
Hunan,2025.05.22.04,20362.30270153601
Hunan,2025.05.22.08,20634.7652978452
Hunan,2025.05.22.12,25851.5795626151
Hunan,2025.05.22.16,25933.406741037365
Hunan,2025.05.22.20,27439.61986430581
Hunan,2025.06.16.00,31506.42129289772
Hunan,2025.06.16.04,24239.775694655757
Hunan,2025.06.16.08,23581.91802535787
Hunan,2025.06.16.12,27672.711556304122
Hunan,2025.06.16.16,31680.31682065215
Hunan,2025.06.16.20,31901.832346257142
Hunan,2025.07.22.00,35052.238699346235
Hunan,2025.07.22.04,26518.348010045407
Hunan,2025.07.22.08,27865.28404666864
Hunan,2025.07.22.12,34271.49840356938
Hunan,2025.07.22.16,34088.05776140248
Hunan,2025.07.22.20,35898.72880316573
Hunan,2025.08.19.00,39742.712259531065
Hunan,2025.08.19.04,30248.495776403593
Hunan,2025.08.19.08,31775.993053102007
Hunan,2025.08.19.12,39368.42651187202
Hunan,2025.08.19.16,41625.27122598966
Hunan,2025.08.19.20,38788.91953853982
Hunan,2025.09.20.00,35519.72873806948
Hunan,2025.09.20.04,27338.843380517003
Hunan,2025.09.20.08,26882.105413574234
Hunan,2025.09.20.12,31698.824828520133
Hunan,2025.09.20.16,34619.67755796077
Hunan,2025.09.20.20,36706.69564057856
Hunan,2025.10.26.00,28942.88390545661
Hunan,2025.10.26.04,21940.776475535273
Hunan,2025.10.26.08,21579.108588993557
Hunan,2025.10.26.12,25411.433330300744
Hunan,2025.10.26.16,27884.99284541204
Hunan,2025.10.26.20,29566.723117762936
Hunan,2025.11.19.00,31691.25388581785
Hunan,2025.11.19.04,24303.222993830623
Hunan,2025.11.19.08,25426.37759538828
Hunan,2025.11.19.12,29835.018476458186
Hunan,2025.11.19.16,31329.084856351954
Hunan,2025.11.19.20,33094.85632627205
Hunan,2025.12.16.00,37419.20798133381
Hunan,2025.12.16.04,28354.32900039557
Hunan,2025.12.16.08,29285.56986181151
Hunan,2025.12.16.12,34451.00686863495
Hunan,2025.12.16.16,36557.50004043415
Hunan,2025.12.16.20,38075.13317908132
Jiangxi,2025.01.22.00,16386.32430707054
Jiangxi,2025.01.22.04,14634.516320484056
Jiangxi,2025.01.22.08,14074.88425494224
Jiangxi,2025.01.22.12,16211.92470001637
Jiangxi,2025.01.22.16,17291.55219768374
Jiangxi,2025.01.22.20,18277.78550339493
Jiangxi,2025.02.08.00,14335.872650203695
Jiangxi,2025.02.08.04,12780.633895580464
Jiangxi,2025.02.08.08,12053.676281600741
Jiangxi,2025.02.08.12,12248.691081620173
Jiangxi,2025.02.08.16,14792.321624817634
Jiangxi,2025.02.08.20,16033.23338217508
Jiangxi,2025.03.21.00,15051.673736845407
Jiangxi,2025.03.21.04,13401.683336877088
Jiangxi,2025.03.21.08,11639.732732373706
Jiangxi,2025.03.21.12,13123.749707008024
Jiangxi,2025.03.21.16,14848.357942190074
Jiangxi,2025.03.21.20,16794.829938835905
Jiangxi,2025.04.11.00,14541.697924468217
Jiangxi,2025.04.11.04,13151.38033884847
Jiangxi,2025.04.11.08,12338.575080311299
Jiangxi,2025.04.11.12,14521.857101163834
Jiangxi,2025.04.11.16,15493.713068810772
Jiangxi,2025.04.11.20,16417.184554717744
Jiangxi,2025.05.22.00,14446.220361152587
Jiangxi,2025.05.22.04,13000.781269669695
Jiangxi,2025.05.22.08,10411.488436423759
Jiangxi,2025.05.22.12,12950.124060351634
Jiangxi,2025.05.22.16,15085.361800899878
Jiangxi,2025.05.22.20,16309.392862382683
Jiangxi,2025.06.16.00,15699.876027764309
Jiangxi,2025.06.16.04,14129.010654266316
Jiangxi,2025.06.16.08,10415.216909478035
Jiangxi,2025.06.16.12,10276.533046005386
Jiangxi,2025.06.16.16,15333.718807638865
Jiangxi,2025.06.16.20,17724.750283591766
Jiangxi,2025.07.22.00,17436.140594168744
Jiangxi,2025.07.22.04,15692.955349385957
Jiangxi,2025.07.22.08,14350.358692998734
Jiangxi,2025.07.22.12,14353.389553591132
Jiangxi,2025.07.22.16,18268.019583980364
Jiangxi,2025.07.22.20,19683.768014134424
Jiangxi,2025.08.19.00,20399.505141873495
Jiangxi,2025.08.19.04,18044.18940396019
Jiangxi,2025.08.19.08,16255.207875051323
Jiangxi,2025.08.19.12,17709.291629079726
Jiangxi,2025.08.19.16,20715.566024962412
Jiangxi,2025.08.19.20,22636.33418103823
Jiangxi,2025.09.20.00,17244.13826044034
Jiangxi,2025.09.20.04,15518.750116396412
Jiangxi,2025.09.20.08,11633.425607719537
Jiangxi,2025.09.20.12,11518.403769419006
Jiangxi,2025.09.20.16,17370.32088507793
Jiangxi,2025.09.20.20,19468.184790261457
Jiangxi,2025.10.26.00,16438.80228348015
Jiangxi,2025.10.26.04,14793.993239744455
Jiangxi,2025.10.26.08,11759.68830748923
Jiangxi,2025.10.26.12,10663.20770776716
Jiangxi,2025.10.26.16,17230.46134292756
Jiangxi,2025.10.26.20,18734.530234581838
Jiangxi,2025.11.19.00,15828.574485181733
Jiangxi,2025.11.19.04,14309.496533159874
Jiangxi,2025.11.19.08,13880.6336746698
Jiangxi,2025.11.19.12,15961.168777157338
Jiangxi,2025.11.19.16,18138.6063426433
Jiangxi,2025.11.19.20,17870.0500071301
Jiangxi,2025.12.16.00,17938.79045842545
Jiangxi,2025.12.16.04,15979.424680299897
Jiangxi,2025.12.16.08,13339.69175334963
Jiangxi,2025.12.16.12,12168.165153153539
Jiangxi,2025.12.16.16,18785.917990713835
Jiangxi,2025.12.16.20,19964.965481066
Sichuan,2025.01.22.00,36949.72048029357
Sichuan,2025.01.22.04,30946.095700065576
Sichuan,2025.01.22.08,32079.87696911922
Sichuan,2025.01.22.12,45414.60613663834
Sichuan,2025.01.22.16,47991.14262343236
Sichuan,2025.01.22.20,42750.74109468827
Sichuan,2025.02.08.00,32030.931906826718
Sichuan,2025.02.08.04,26854.99567446241
Sichuan,2025.02.08.08,27828.458280934006
Sichuan,2025.02.08.12,39330.804338778566
Sichuan,2025.02.08.16,41762.46742005792
Sichuan,2025.02.08.20,36551.907965364415
Sichuan,2025.03.21.00,31079.069891167797
Sichuan,2025.03.21.04,25849.36956090053
Sichuan,2025.03.21.08,26698.380059964627
Sichuan,2025.03.21.12,37781.860207892925
Sichuan,2025.03.21.16,38736.946110518904
Sichuan,2025.03.21.20,37021.4130601363
Sichuan,2025.04.11.00,32974.12242505702
Sichuan,2025.04.11.04,27639.47475821394
Sichuan,2025.04.11.08,28606.629680972444
Sichuan,2025.04.11.12,40529.51285097656
Sichuan,2025.04.11.16,43779.47830743088
Sichuan,2025.04.11.20,37629.95734248997
Sichuan,2025.05.22.00,32713.25406832897
Sichuan,2025.05.22.04,27030.306102238228
Sichuan,2025.05.22.08,27950.7452253509
Sichuan,2025.05.22.12,40199.23033858321
Sichuan,2025.05.22.16,41238.10089485196
Sichuan,2025.05.22.20,37145.674448934325
Sichuan,2025.06.16.00,37992.63806571252
Sichuan,2025.06.16.04,30100.738104323336
Sichuan,2025.06.16.08,31129.933657673286
Sichuan,2025.06.16.12,44238.35420425312
Sichuan,2025.06.16.16,45216.120586191246
Sichuan,2025.06.16.20,41365.133419752165
Sichuan,2025.07.22.00,35760.46811195332
Sichuan,2025.07.22.04,29410.58147486695
Sichuan,2025.07.22.08,30214.92578651119
Sichuan,2025.07.22.12,43379.08877154794
Sichuan,2025.07.22.16,44818.66391715682
Sichuan,2025.07.22.20,39829.84725955238
Sichuan,2025.08.19.00,40387.016080161564
Sichuan,2025.08.19.04,33591.06008557909
Sichuan,2025.08.19.08,34770.47949081395
Sichuan,2025.08.19.12,49482.16722980874
Sichuan,2025.08.19.16,50496.37647431922
Sichuan,2025.08.19.20,46679.419506846694
Sichuan,2025.09.20.00,39613.98256288796
Sichuan,2025.09.20.04,32948.105546046885
Sichuan,2025.09.20.08,34050.73484129388
Sichuan,2025.09.20.12,48204.142561191984
Sichuan,2025.09.20.16,50439.30791066961
Sichuan,2025.09.20.20,45278.05189084562
Sichuan,2025.10.26.00,35479.24766385058
Sichuan,2025.10.26.04,27948.81258728437
Sichuan,2025.10.26.08,28876.627368979516
Sichuan,2025.10.26.12,40996.33536601205
Sichuan,2025.10.26.16,41979.02185053221
Sichuan,2025.10.26.20,38407.907393826295
Sichuan,2025.11.19.00,36284.290863045426
Sichuan,2025.11.19.04,29829.560379488703
Sichuan,2025.11.19.08,30886.25347636674
Sichuan,2025.11.19.12,44157.72393975211
Sichuan,2025.11.19.16,45208.11164785804
Sichuan,2025.11.19.20,41483.12680109074
Sichuan,2025.12.16.00,37334.12855425738
Sichuan,2025.12.16.04,30329.085383861984
Sichuan,2025.12.16.08,31263.933097612568
Sichuan,2025.12.16.12,44829.493885850265
Sichuan,2025.12.16.16,45290.184271168226
Sichuan,2025.12.16.20,41473.32419130211
Anhui,2025.01.22.00,29227.207996533227
Anhui,2025.01.22.04,24166.91555815301
Anhui,2025.01.22.08,24784.514446506546
Anhui,2025.01.22.12,26932.629517997568
Anhui,2025.01.22.16,29219.373632039707
Anhui,2025.01.22.20,32183.77811711817
Anhui,2025.02.08.00,25136.75572893432
Anhui,2025.02.08.04,21557.150462186168
Anhui,2025.02.08.08,21954.108825400315
Anhui,2025.02.08.12,24727.880108886486
Anhui,2025.02.08.16,25924.700462412562
Anhui,2025.02.08.20,28708.278706186484
Anhui,2025.03.21.00,23772.599282477404
Anhui,2025.03.21.04,20499.905105314992
Anhui,2025.03.21.08,19735.11618693284
Anhui,2025.03.21.12,20245.773364211724
Anhui,2025.03.21.16,25296.214490211896
Anhui,2025.03.21.20,27150.29787978068
Anhui,2025.04.11.00,23046.95607129451
Anhui,2025.04.11.04,19877.597276332523
Anhui,2025.04.11.08,19515.988026926505
Anhui,2025.04.11.12,22610.156295172186
Anhui,2025.04.11.16,23518.041507892714
Anhui,2025.04.11.20,26409.573175767513
Anhui,2025.05.22.00,23534.611831088605
Anhui,2025.05.22.04,19929.115813810353
Anhui,2025.05.22.08,14542.178770947308
Anhui,2025.05.22.12,12045.273250572229
Anhui,2025.05.22.16,20842.21014618817
Anhui,2025.05.22.20,26540.162836597152
Anhui,2025.06.16.00,26456.07531382617
Anhui,2025.06.16.04,22363.01076526874
Anhui,2025.06.16.08,14742.952556410244
Anhui,2025.06.16.12,14179.782911120275
Anhui,2025.06.16.16,23011.17585227402
Anhui,2025.06.16.20,29631.44939555491
Anhui,2025.07.22.00,30583.84990881658
Anhui,2025.07.22.04,26228.549988985746
Anhui,2025.07.22.08,22600.42637414361
Anhui,2025.07.22.12,22006.414592730434
Anhui,2025.07.22.16,29003.758341266846
Anhui,2025.07.22.20,34929.30092372218
Anhui,2025.08.19.00,31630.822095510186
Anhui,2025.08.19.04,26343.08479879504
Anhui,2025.08.19.08,25536.875144354384
Anhui,2025.08.19.12,27075.851051359667
Anhui,2025.08.19.16,31473.78085456991
Anhui,2025.08.19.20,35081.84542809093
Anhui,2025.09.20.00,25915.72696271359
Anhui,2025.09.20.04,22007.95082584139
Anhui,2025.09.20.08,16322.80089472397
Anhui,2025.09.20.12,12492.741272521223
Anhui,2025.09.20.16,23903.69916075301
Anhui,2025.09.20.20,29158.605838779622
Anhui,2025.10.26.00,23856.741955239035
Anhui,2025.10.26.04,20387.257016613832
Anhui,2025.10.26.08,13614.489071410135
Anhui,2025.10.26.12,10400.712334433476
Anhui,2025.10.26.16,23645.912208746886
Anhui,2025.10.26.20,27150.29787978068
Anhui,2025.11.19.00,24979.035200937593
Anhui,2025.11.19.04,21421.890160909927
Anhui,2025.11.19.08,21326.75385312989
Anhui,2025.11.19.12,21983.347015850322
Anhui,2025.11.19.16,26929.242700051323
Anhui,2025.11.19.20,28528.14866377994
Anhui,2025.12.16.00,28119.976858775313
Anhui,2025.12.16.04,24165.02883704477
Anhui,2025.12.16.08,19732.974742547096
Anhui,2025.12.16.12,15490.424037276876
Anhui,2025.12.16.16,29018.728259929994
Anhui,2025.12.16.20,32031.24880915914
Fujian,2025.01.22.00,28521.92241269857
Fujian,2025.01.22.04,25360.884846056513
Fujian,2025.01.22.08,25987.946733378674
Fujian,2025.01.22.12,29726.456853925767
Fujian,2025.01.22.16,31185.705166456602
Fujian,2025.01.22.20,30915.27332304499
Fujian,2025.02.08.00,23391.54673147005
Fujian,2025.02.08.04,20720.92309517054
Fujian,2025.02.08.08,20400.782840488915
Fujian,2025.02.08.12,23565.948726756444
Fujian,2025.02.08.16,25286.151603920607
Fujian,2025.02.08.20,25339.78739983221
Fujian,2025.03.21.00,28636.0623881547
Fujian,2025.03.21.04,26077.87607756452
Fujian,2025.03.21.08,25745.853352332208
Fujian,2025.03.21.12,28657.901372191875
Fujian,2025.03.21.16,32049.681704428873
Fujian,2025.03.21.20,31769.286972221227
Fujian,2025.04.11.00,31145.984196474194
Fujian,2025.04.11.04,27710.368410585532
Fujian,2025.04.11.08,27643.06973464087
Fujian,2025.04.11.12,32053.023839608555
Fujian,2025.04.11.16,34157.36404673876
Fujian,2025.04.11.20,33887.23760375924
Fujian,2025.05.22.00,30460.453965988265
Fujian,2025.05.22.04,27095.825147074658
Fujian,2025.05.22.08,25554.452833315416
Fujian,2025.05.22.12,29046.901714603595
Fujian,2025.05.22.16,32474.856698836837
Fujian,2025.05.22.20,33135.7075887188
Fujian,2025.06.16.00,33166.55067904977
Fujian,2025.06.16.04,30019.56534783358
Fujian,2025.06.16.08,28546.146555560506
Fujian,2025.06.16.12,34322.366169758505
Fujian,2025.06.16.16,37045.16220708543
Fujian,2025.06.16.20,36906.76254691063
Fujian,2025.07.22.00,37241.2302572477
Fujian,2025.07.22.04,33201.003102106864
Fujian,2025.07.22.08,33410.99121086304
Fujian,2025.07.22.12,38616.00960126156
Fujian,2025.07.22.16,40621.307646217
Fujian,2025.07.22.20,40480.20244211806
Fujian,2025.08.19.00,37719.54442508036
Fujian,2025.08.19.04,34318.358957360295
Fujian,2025.08.19.08,34538.65904804287
Fujian,2025.08.19.12,40334.05306767783
Fujian,2025.08.19.16,42587.17719571514
Fujian,2025.08.19.20,42496.11954460553
Fujian,2025.09.20.00,36305.53616824492
Fujian,2025.09.20.04,32184.439412857024
Fujian,2025.09.20.08,29961.713870743086
Fujian,2025.09.20.12,33363.878145583
Fujian,2025.09.20.16,39339.52049478383
Fujian,2025.09.20.20,39358.61585696737
Fujian,2025.10.26.00,31715.20814115016
Fujian,2025.10.26.04,28771.855182174026
Fujian,2025.10.26.08,27188.956544241184
Fujian,2025.10.26.12,30663.23640836885
Fujian,2025.10.26.16,35569.2610523508
Fujian,2025.10.26.20,35912.740452497
Fujian,2025.11.19.00,31426.94496866757
Fujian,2025.11.19.04,27954.09815183749
Fujian,2025.11.19.08,27169.992286541503
Fujian,2025.11.19.12,31759.126325658188
Fujian,2025.11.19.16,34991.50211165998
Fujian,2025.11.19.20,34063.73438938437
Fujian,2025.12.16.00,31292.771869392884
Fujian,2025.12.16.04,28312.582791030414
Fujian,2025.12.16.08,26567.832806315524
Fujian,2025.12.16.12,29400.881984681524
Fujian,2025.12.16.16,34738.24331536684
Fujian,2025.12.16.20,34502.11300880665
Jiangsu,2025.01.22.00,86207.15009089926
Jiangsu,2025.01.22.04,79283.37564359473
Jiangsu,2025.01.22.08,86206.57478963232
Jiangsu,2025.01.22.12,93720.04996789577
Jiangsu,2025.01.22.16,103488.75203255023
Jiangsu,2025.01.22.20,99319.0527683925
Jiangsu,2025.02.08.00,72696.45745297933
Jiangsu,2025.02.08.04,66734.03671603021
Jiangsu,2025.02.08.08,71103.36435687338
Jiangsu,2025.02.08.12,76603.27894955596
Jiangsu,2025.02.08.16,81714.52109057551
Jiangsu,2025.02.08.20,83405.6779917313
Jiangsu,2025.03.21.00,80837.05822815618
Jiangsu,2025.03.21.04,73151.74831761225
Jiangsu,2025.03.21.08,78595.66042645143
Jiangsu,2025.03.21.12,86866.14430697633
Jiangsu,2025.03.21.16,90760.09967735302
Jiangsu,2025.03.21.20,91674.59763905371
Jiangsu,2025.04.11.00,76263.34924816874
Jiangsu,2025.04.11.04,70407.24083241425
Jiangsu,2025.04.11.08,74393.89927059482
Jiangsu,2025.04.11.12,81074.49624540412
Jiangsu,2025.04.11.16,85771.40923816833
Jiangsu,2025.04.11.20,89813.84804276607
Jiangsu,2025.05.22.00,78560.76407185607
Jiangsu,2025.05.22.04,68692.19832831911
Jiangsu,2025.05.22.08,63245.350225079725
Jiangsu,2025.05.22.12,65502.88163616072
Jiangsu,2025.05.22.16,78744.52453180173
Jiangsu,2025.05.22.20,86019.4044420668
Jiangsu,2025.06.16.00,84261.38957453454
Jiangsu,2025.06.16.04,73934.9749733624
Jiangsu,2025.06.16.08,69249.61204376863
Jiangsu,2025.06.16.12,72831.82212084075
Jiangsu,2025.06.16.16,85548.86526112196
Jiangsu,2025.06.16.20,92767.77181185239
Jiangsu,2025.07.22.00,95456.54920153684
Jiangsu,2025.07.22.04,86555.7685222903
Jiangsu,2025.07.22.08,87034.29130411457
Jiangsu,2025.07.22.12,91966.02249243611
Jiangsu,2025.07.22.16,103726.61540841486
Jiangsu,2025.07.22.20,108217.38813789499
Jiangsu,2025.08.19.00,100112.54797590508
Jiangsu,2025.08.19.04,88963.73065352207
Jiangsu,2025.08.19.08,94399.37497491964
Jiangsu,2025.08.19.12,106896.033969773
Jiangsu,2025.08.19.16,104902.87100949151
Jiangsu,2025.08.19.20,112179.5763371056
Jiangsu,2025.09.20.00,84765.5530222063
Jiangsu,2025.09.20.04,76768.93099933621
Jiangsu,2025.09.20.08,79072.35149676494
Jiangsu,2025.09.20.12,83407.93081490771
Jiangsu,2025.09.20.16,93447.92256435523
Jiangsu,2025.09.20.20,96857.71007355698
Jiangsu,2025.10.26.00,80421.34968057001
Jiangsu,2025.10.26.04,70854.04172777286
Jiangsu,2025.10.26.08,68471.0946846582
Jiangsu,2025.10.26.12,70145.12204826991
Jiangsu,2025.10.26.16,82549.96607028364
Jiangsu,2025.10.26.20,92604.22481846632
Jiangsu,2025.11.19.00,80428.99494077772
Jiangsu,2025.11.19.04,73969.29618718068
Jiangsu,2025.11.19.08,78902.19264290284
Jiangsu,2025.11.19.12,86164.63245388585
Jiangsu,2025.11.19.16,93470.80146070517
Jiangsu,2025.11.19.20,94353.12170576252
Jiangsu,2025.12.16.00,90892.5502083861
Jiangsu,2025.12.16.04,80743.43739080253
Jiangsu,2025.12.16.08,81996.7813211018
Jiangsu,2025.12.16.12,83581.05944240306
Jiangsu,2025.12.16.16,97053.22632744297
Jiangsu,2025.12.16.20,102322.50188632563
Shanghai,2025.01.22.00,29222.243806166807
Shanghai,2025.01.22.04,24007.572525441396
Shanghai,2025.01.22.08,29657.22376349029
Shanghai,2025.01.22.12,35900.050984529444
Shanghai,2025.01.22.16,36061.90192599219
Shanghai,2025.01.22.20,34723.33036011673
Shanghai,2025.02.08.00,24816.66751468589
Shanghai,2025.02.08.04,20730.851574986063
Shanghai,2025.02.08.08,25500.744071694404
Shanghai,2025.02.08.12,30320.767960999412
Shanghai,2025.02.08.16,32625.583497844513
Shanghai,2025.02.08.20,29731.965827575696
Shanghai,2025.03.21.00,24088.66314337656
Shanghai,2025.03.21.04,20503.3005720962
Shanghai,2025.03.21.08,25192.484396934324
Shanghai,2025.03.21.12,31229.927793875086
Shanghai,2025.03.21.16,30668.99139968416
Shanghai,2025.03.21.20,28743.011350262343
Shanghai,2025.04.11.00,21954.971880364086
Shanghai,2025.04.11.04,18544.095330524393
Shanghai,2025.04.11.08,22487.6480127717
Shanghai,2025.04.11.12,27181.93441414
Shanghai,2025.04.11.16,28793.128548540055
Shanghai,2025.04.11.20,26658.700717809443
Shanghai,2025.05.22.00,21179.718446815445
Shanghai,2025.05.22.04,17955.458876788238
Shanghai,2025.05.22.08,20849.96111047339
Shanghai,2025.05.22.12,26049.69314375639
Shanghai,2025.05.22.16,25879.76529871481
Shanghai,2025.05.22.20,26233.520366807807
Shanghai,2025.06.16.00,24426.54676234005
Shanghai,2025.06.16.04,20354.63487831373
Shanghai,2025.06.16.08,23618.78388003231
Shanghai,2025.06.16.12,29455.07643103527
Shanghai,2025.06.16.16,27577.68895904216
Shanghai,2025.06.16.20,29837.793670289924
Shanghai,2025.07.22.00,30353.142039491104
Shanghai,2025.07.22.04,24963.282550667373
Shanghai,2025.07.22.08,29422.711040287963
Shanghai,2025.07.22.12,36144.0353638194
Shanghai,2025.07.22.16,36669.95450408544
Shanghai,2025.07.22.20,33703.56848578198
Shanghai,2025.08.19.00,34840.05435821964
Shanghai,2025.08.19.04,27352.559474582158
Shanghai,2025.08.19.08,33497.089722519435
Shanghai,2025.08.19.12,40017.025149760404
Shanghai,2025.08.19.16,40608.547430087645
Shanghai,2025.08.19.20,38082.83556424911
Shanghai,2025.09.20.00,26247.211440933446
Shanghai,2025.09.20.04,22000.57992175861
Shanghai,2025.09.20.08,25839.858404363466
Shanghai,2025.09.20.12,31796.318072038142
Shanghai,2025.09.20.16,31917.163741095264
Shanghai,2025.09.20.20,31014.129775595196
Shanghai,2025.10.26.00,22795.387579536473
Shanghai,2025.10.26.04,18910.450530052694
Shanghai,2025.10.26.08,22067.523453598522
Shanghai,2025.10.26.12,27763.33538653797
Shanghai,2025.10.26.16,26997.42204610522
Shanghai,2025.10.26.20,27410.411145910763
Shanghai,2025.11.19.00,23382.892220343092
Shanghai,2025.11.19.04,19037.87884355787
Shanghai,2025.11.19.08,23242.94809475956
Shanghai,2025.11.19.12,28621.99675273168
Shanghai,2025.11.19.16,28974.49104285563
Shanghai,2025.11.19.20,26389.165706428408
Shanghai,2025.12.16.00,29900.857626813206
Shanghai,2025.12.16.04,23051.862500215313
Shanghai,2025.12.16.08,27612.234403060087
Shanghai,2025.12.16.12,33880.170276116056
Shanghai,2025.12.16.16,29950.92477123388
Shanghai,2025.12.16.20,34341.20658346884
Zhejiang,2025.01.22.00,56391.494002237276
Zhejiang,2025.01.22.04,49575.69776887772
Zhejiang,2025.01.22.08,60710.58426040085
Zhejiang,2025.01.22.12,65981.09329163485
Zhejiang,2025.01.22.16,74842.95359635774
Zhejiang,2025.01.22.20,64432.09675103939
Zhejiang,2025.02.08.00,41840.21053749145
Zhejiang,2025.02.08.04,36878.06107556072
Zhejiang,2025.02.08.08,44538.48940825766
Zhejiang,2025.02.08.12,47204.565325771284
Zhejiang,2025.02.08.16,52037.82443380354
Zhejiang,2025.02.08.20,49199.6162026801
Zhejiang,2025.03.21.00,58015.3322927754
Zhejiang,2025.03.21.04,50992.67990051615
Zhejiang,2025.03.21.08,58984.099616235275
Zhejiang,2025.03.21.12,58595.779940075605
Zhejiang,2025.03.21.16,72780.82005806336
Zhejiang,2025.03.21.20,67480.74341706852
Zhejiang,2025.04.11.00,59786.64102452765
Zhejiang,2025.04.11.04,50284.1885335887
Zhejiang,2025.04.11.08,60082.96938479694
Zhejiang,2025.04.11.12,63232.361139148474
Zhejiang,2025.04.11.16,72299.12617650126
Zhejiang,2025.04.11.20,65877.82623050747
Zhejiang,2025.05.22.00,55169.87930067726
Zhejiang,2025.05.22.04,47533.32200665998
Zhejiang,2025.05.22.08,48843.73469047043
Zhejiang,2025.05.22.12,46420.402493081
Zhejiang,2025.05.22.16,65757.01904965978
Zhejiang,2025.05.22.20,62239.376772081414
Zhejiang,2025.06.16.00,58967.19319659487
Zhejiang,2025.06.16.04,51215.96248084984
Zhejiang,2025.06.16.08,47158.47081173548
Zhejiang,2025.06.16.12,43179.61807698828
Zhejiang,2025.06.16.16,65034.35422891501
Zhejiang,2025.06.16.20,66579.83330940729
Zhejiang,2025.07.22.00,68586.53602207577
Zhejiang,2025.07.22.04,58206.40916914023
Zhejiang,2025.07.22.08,63088.74445389344
Zhejiang,2025.07.22.12,62487.13138590158
Zhejiang,2025.07.22.16,75831.93102505212
Zhejiang,2025.07.22.20,75634.38062496188
Zhejiang,2025.08.19.00,74459.00878127785
Zhejiang,2025.08.19.04,62457.35556405544
Zhejiang,2025.08.19.08,72017.35584213158
Zhejiang,2025.08.19.12,73033.13725086897
Zhejiang,2025.08.19.16,81926.70677807255
Zhejiang,2025.08.19.20,85434.6105018759
Zhejiang,2025.09.20.00,65956.61076705695
Zhejiang,2025.09.20.04,54764.54253073062
Zhejiang,2025.09.20.08,51003.52594451742
Zhejiang,2025.09.20.12,46744.32890780622
Zhejiang,2025.09.20.16,72240.25358645673
Zhejiang,2025.09.20.20,71982.90753957402
Zhejiang,2025.10.26.00,61577.68466026645
Zhejiang,2025.10.26.04,49833.33047311901
Zhejiang,2025.10.26.08,54366.33530836472
Zhejiang,2025.10.26.12,47159.837378936005
Zhejiang,2025.10.26.16,67302.37305653651
Zhejiang,2025.10.26.20,64769.436921495675
Zhejiang,2025.11.19.00,58853.739399360216
Zhejiang,2025.11.19.04,51615.290838835055
Zhejiang,2025.11.19.08,62615.566106498394
Zhejiang,2025.11.19.12,67715.43341843788
Zhejiang,2025.11.19.16,76950.18910081412
Zhejiang,2025.11.19.20,70085.78987031856
Zhejiang,2025.12.16.00,69119.87717256128
Zhejiang,2025.12.16.04,56531.79433326061
Zhejiang,2025.12.16.08,59160.56725162429
Zhejiang,2025.12.16.12,52744.690398738545
Zhejiang,2025.12.16.16,78703.35612752958
Zhejiang,2025.12.16.20,73687.09770477655
Beijing,2025.01.22.00,16109.751040296134
Beijing,2025.01.22.04,12941.903588500634
Beijing,2025.01.22.08,16998.267791078248
Beijing,2025.01.22.12,21058.703723546252
Beijing,2025.01.22.16,20474.408475400844
Beijing,2025.01.22.20,20489.09341487983
Beijing,2025.02.08.00,14606.871387836509
Beijing,2025.02.08.04,11300.094446204119
Beijing,2025.02.08.08,14951.584175702748
Beijing,2025.02.08.12,18977.900730032314
Beijing,2025.02.08.16,18087.383847964174
Beijing,2025.02.08.20,17943.410657676974
Beijing,2025.03.21.00,11752.36942903753
Beijing,2025.03.21.04,9279.14560973479
Beijing,2025.03.21.08,12192.247712371172
Beijing,2025.03.21.12,14957.082010204618
Beijing,2025.03.21.16,15228.783484942658
Beijing,2025.03.21.20,15376.381537849065
Beijing,2025.04.11.00,10694.133526450707
Beijing,2025.04.11.04,8184.636997530381
Beijing,2025.04.11.08,10123.603931429569
Beijing,2025.04.11.12,12920.595870182262
Beijing,2025.04.11.16,12617.007815012708
Beijing,2025.04.11.20,13706.572422117286
Beijing,2025.05.22.00,10062.40333870353
Beijing,2025.05.22.04,8434.016722462862
Beijing,2025.05.22.08,10712.432100500633
Beijing,2025.05.22.12,13408.248512683509
Beijing,2025.05.22.16,15378.430887985645
Beijing,2025.05.22.20,13778.86520232081
Beijing,2025.06.16.00,12604.9307950783
Beijing,2025.06.16.04,10256.332940667033
Beijing,2025.06.16.08,13280.716286126719
Beijing,2025.06.16.12,16377.176635834026
Beijing,2025.06.16.16,17342.44284944122
Beijing,2025.06.16.20,16913.45975533168
Beijing,2025.07.22.00,15803.433502213718
Beijing,2025.07.22.04,12106.073743737805
Beijing,2025.07.22.08,16039.36761766621
Beijing,2025.07.22.12,19972.832905056286
Beijing,2025.07.22.16,19738.832453081264
Beijing,2025.07.22.20,19641.436536513098
Beijing,2025.08.19.00,13320.364173428614
Beijing,2025.08.19.04,10865.792520149525
Beijing,2025.08.19.08,14024.63654018321
Beijing,2025.08.19.12,17703.370155571178
Beijing,2025.08.19.16,18761.21488642117
Beijing,2025.08.19.20,17387.815143412143
Beijing,2025.09.20.00,11921.496088530206
Beijing,2025.09.20.04,9500.60298707661
Beijing,2025.09.20.08,12696.232905416371
Beijing,2025.09.20.12,15875.203728779517
Beijing,2025.09.20.16,16421.660881621556
Beijing,2025.09.20.20,15667.20456549979
Beijing,2025.10.26.00,10460.283685779166
Beijing,2025.10.26.04,8149.343709377318
Beijing,2025.10.26.08,10803.435412506125
Beijing,2025.10.26.12,12934.435271156179
Beijing,2025.10.26.16,13584.857434702852
Beijing,2025.10.26.20,13489.01049476958
Beijing,2025.11.19.00,13800.117433802174
Beijing,2025.11.19.04,11099.594987992925
Beijing,2025.11.19.08,14735.013720003592
Beijing,2025.11.19.12,18676.961435953046
Beijing,2025.11.19.16,17659.59145840024
Beijing,2025.11.19.20,17897.949762726446
Beijing,2025.12.16.00,16417.323753850174
Beijing,2025.12.16.04,13255.340234109926
Beijing,2025.12.16.08,17225.423617087436
Beijing,2025.12.16.12,21433.16213892999
Beijing,2025.12.16.16,21167.114227953218
Beijing,2025.12.16.20,21512.631922323355
Hebei,2025.01.22.00,80364.0115742072
Hebei,2025.01.22.04,69306.92658198638
Hebei,2025.01.22.08,76112.41429580975
Hebei,2025.01.22.12,81276.09738650777
Hebei,2025.01.22.16,94398.09582628688
Hebei,2025.01.22.20,70400.371967883
Hebei,2025.02.08.00,69961.27917210867
Hebei,2025.02.08.04,59623.618927981945
Hebei,2025.02.08.08,66271.32134475537
Hebei,2025.02.08.12,75986.59258606992
Hebei,2025.02.08.16,81430.17243910843
Hebei,2025.02.08.20,60857.1046478773
Hebei,2025.03.21.00,70691.70840548196
Hebei,2025.03.21.04,61566.333078084375
Hebei,2025.03.21.08,66118.98984751842
Hebei,2025.03.21.12,78050.38248636328
Hebei,2025.03.21.16,83991.34470812262
Hebei,2025.03.21.20,61626.741065458926
Hebei,2025.04.11.00,71858.39582410286
Hebei,2025.04.11.04,62582.416404304546
Hebei,2025.04.11.08,62533.24679818668
Hebei,2025.04.11.12,69300.62197717537
Hebei,2025.04.11.16,84686.38109140302
Hebei,2025.04.11.20,63891.3780917037
Hebei,2025.05.22.00,71382.50890501004
Hebei,2025.05.22.04,62047.958047162625
Hebei,2025.05.22.08,57212.36487613028
Hebei,2025.05.22.12,63790.449511358645
Hebei,2025.05.22.16,82184.66958045613
Hebei,2025.05.22.20,60111.5162045045
Hebei,2025.06.16.00,78844.85790634576
Hebei,2025.06.16.04,68264.7523460922
Hebei,2025.06.16.08,66541.13788934315
Hebei,2025.06.16.12,78180.90794258052
Hebei,2025.06.16.16,89503.80296606764
Hebei,2025.06.16.20,69609.80263360392
Hebei,2025.07.22.00,83307.74398955086
Hebei,2025.07.22.04,71994.51077310709
Hebei,2025.07.22.08,79148.70404658787
Hebei,2025.07.22.12,94971.7475518908
Hebei,2025.07.22.16,98900.19454136083
Hebei,2025.07.22.20,70953.32364005364
Hebei,2025.08.19.00,78717.82233510859
Hebei,2025.08.19.04,68866.37838100655
Hebei,2025.08.19.08,66532.62307710027
Hebei,2025.08.19.12,72893.1482305483
Hebei,2025.08.19.16,91270.71563712839
Hebei,2025.08.19.20,66604.49855042553
Hebei,2025.09.20.00,71737.14814038594
Hebei,2025.09.20.04,62582.416404304546
Hebei,2025.09.20.08,69537.75330000542
Hebei,2025.09.20.12,88239.43169570371
Hebei,2025.09.20.16,89699.33347649747
Hebei,2025.09.20.20,62534.21735811833
Hebei,2025.10.26.00,67464.40490358327
Hebei,2025.10.26.04,57234.95782969979
Hebei,2025.10.26.08,57888.76765851932
Hebei,2025.10.26.12,66012.62539532693
Hebei,2025.10.26.16,77979.0335854249
Hebei,2025.10.26.20,58739.52139131215
Hebei,2025.11.19.00,76830.17340600528
Hebei,2025.11.19.04,66018.04242823253
Hebei,2025.11.19.08,71573.48331571766
Hebei,2025.11.19.12,82131.41547161264
Hebei,2025.11.19.16,92058.20887132987
Hebei,2025.11.19.20,67159.05177180063
Hebei,2025.12.16.00,89829.95980899018
Hebei,2025.12.16.04,76927.51265899654
Hebei,2025.12.16.08,80828.49210732836
Hebei,2025.12.16.12,84869.09423406735
Hebei,2025.12.16.16,108118.87597268837
Hebei,2025.12.16.20,77910.74886249145
Shandong,2025.01.22.00,83402.28959765051
Shandong,2025.01.22.04,74276.37391374013
Shandong,2025.01.22.08,74503.27422789567
Shandong,2025.01.22.12,67370.05100312871
Shandong,2025.01.22.16,85634.19948719653
Shandong,2025.01.22.20,83746.15666368353
Shandong,2025.02.08.00,75282.31187408618
Shandong,2025.02.08.04,68782.86463929007
Shandong,2025.02.08.08,64309.57607563009
Shandong,2025.02.08.12,53528.457964927125
Shandong,2025.02.08.16,76842.50193347687
Shandong,2025.02.08.20,77540.41105028057
Shandong,2025.03.21.00,75764.64102453795
Shandong,2025.03.21.04,67511.42703680592
Shandong,2025.03.21.08,65936.76008873833
Shandong,2025.03.21.12,71089.69638033686
Shandong,2025.03.21.16,78153.69194696896
Shandong,2025.03.21.20,76771.62848219606
Shandong,2025.04.11.00,79278.1843010452
Shandong,2025.04.11.04,70474.43164380644
Shandong,2025.04.11.08,65257.21781938998
Shandong,2025.04.11.12,49347.595078438106
Shandong,2025.04.11.16,80411.94269035514
Shandong,2025.04.11.20,79460.2617604188
Shandong,2025.05.22.00,74805.90419062713
Shandong,2025.05.22.04,68339.10172552819
Shandong,2025.05.22.08,50315.40263219619
Shandong,2025.05.22.12,37377.668668113176
Shandong,2025.05.22.16,69601.26805069826
Shandong,2025.05.22.20,77040.06213944413
Shandong,2025.06.16.00,86613.66737255904
Shandong,2025.06.16.04,77464.8767499718
Shandong,2025.06.16.08,60995.94856778996
Shandong,2025.06.16.12,53356.22529629459
Shandong,2025.06.16.16,82522.00868953654
Shandong,2025.06.16.20,87341.94580290686
Shandong,2025.07.22.00,90603.91485013836
Shandong,2025.07.22.04,81041.32079067435
Shandong,2025.07.22.08,70655.82738289259
Shandong,2025.07.22.12,66260.48798283716
Shandong,2025.07.22.16,85868.7628290714
Shandong,2025.07.22.20,91373.59283383317
Shandong,2025.08.19.00,82059.80742036538
Shandong,2025.08.19.04,74965.9876788057
Shandong,2025.08.19.08,64794.0450339923
Shandong,2025.08.19.12,63305.64656142418
Shandong,2025.08.19.16,78423.95015910288
Shandong,2025.08.19.20,84524.46368023242
Shandong,2025.09.20.00,78080.23370067604
Shandong,2025.09.20.04,71331.08721638015
Shandong,2025.09.20.08,74364.0184214982
Shandong,2025.09.20.12,80861.50276841532
Shandong,2025.09.20.16,82859.61298871278
Shandong,2025.09.20.20,82574.5194142283
Shandong,2025.10.26.00,74969.01755234168
Shandong,2025.10.26.04,68062.97987821489
Shandong,2025.10.26.08,58088.14605251066
Shandong,2025.10.26.12,48669.99798845449
Shandong,2025.10.26.16,79825.56253059495
Shandong,2025.10.26.20,76741.36466424816
Shandong,2025.11.19.00,81251.82186583139
Shandong,2025.11.19.04,74041.67013028913
Shandong,2025.11.19.08,73220.06058015312
Shandong,2025.11.19.12,67266.90561614794
Shandong,2025.11.19.16,88640.46356947541
Shandong,2025.11.19.20,83830.47549430864
Shandong,2025.12.16.00,85837.88289447605
Shandong,2025.12.16.04,78418.17603527846
Shandong,2025.12.16.08,72120.54750213548
Shandong,2025.12.16.12,56571.80660503683
Shandong,2025.12.16.16,93093.66493030351
Shandong,2025.12.16.20,89450.94070425852
Shanxi,2025.01.22.00,41622.559492057975
Shanxi,2025.01.22.04,39442.394096895885
Shanxi,2025.01.22.08,41622.147808093774
Shanxi,2025.01.22.12,43592.58765380798
Shanxi,2025.01.22.16,44825.128133439495
Shanxi,2025.01.22.20,47809.64959356273
Shanxi,2025.02.08.00,38106.36857093823
Shanxi,2025.02.08.04,36183.223957703805
Shanxi,2025.02.08.08,37795.395433948994
Shanxi,2025.02.08.12,41828.34888387463
Shanxi,2025.02.08.16,41115.89621654013
Shanxi,2025.02.08.20,43770.78562425586
Shanxi,2025.03.21.00,37343.18088861186
Shanxi,2025.03.21.04,34891.34788667962
Shanxi,2025.03.21.08,36484.702941209085
Shanxi,2025.03.21.12,39414.23862588322
Shanxi,2025.03.21.16,39258.53795055702
Shanxi,2025.03.21.20,42293.135473177404
Shanxi,2025.04.11.00,37492.272959410024
Shanxi,2025.04.11.04,35270.603175651115
Shanxi,2025.04.11.08,36139.52496041447
Shanxi,2025.04.11.12,38978.58172704635
Shanxi,2025.04.11.16,40076.24155819398
Shanxi,2025.04.11.20,42752.8606564527
Shanxi,2025.05.22.00,37020.05336569177
Shanxi,2025.05.22.04,35080.974387929455
Shanxi,2025.05.22.08,33649.78127373242
Shanxi,2025.05.22.12,35653.38731440971
Shanxi,2025.05.22.16,38849.5984660087
Shanxi,2025.05.22.20,42522.99007923221
Shanxi,2025.06.16.00,38952.0597374921
Shanxi,2025.06.16.04,36642.23669978279
Shanxi,2025.06.16.08,36101.5527102981
Shanxi,2025.06.16.12,39500.87155252397
Shanxi,2025.06.16.16,40594.80519312777
Shanxi,2025.06.16.20,44415.471637343195
Shanxi,2025.07.22.00,40151.8801377329
Shanxi,2025.07.22.04,37356.49991460254
Shanxi,2025.07.22.08,38830.714385259766
Shanxi,2025.07.22.12,43187.39733350655
Shanxi,2025.07.22.16,42481.13727289536
Shanxi,2025.07.22.20,45281.256674519645
Shanxi,2025.08.19.00,37420.27119185755
Shanxi,2025.08.19.04,35460.22903773643
Shanxi,2025.08.19.08,34680.14851923928
Shanxi,2025.08.19.12,35473.1730357076
Shanxi,2025.08.19.16,38423.86518772455
Shanxi,2025.08.19.20,42982.699291341814
Shanxi,2025.09.20.00,35772.723209727876
Shanxi,2025.09.20.04,33898.96800421214
Shanxi,2025.09.20.08,35717.20695946432
Shanxi,2025.09.20.12,39857.47055466685
Shanxi,2025.09.20.16,38905.961859331896
Shanxi,2025.09.20.20,41882.93857955264
Shanxi,2025.10.26.00,36164.676608056005
Shanxi,2025.10.26.04,33753.586309427556
Shanxi,2025.10.26.08,33467.96009815607
Shanxi,2025.10.26.12,36407.640142012664
Shanxi,2025.10.26.16,38522.119261844455
Shanxi,2025.10.26.20,40966.904678910774
Shanxi,2025.11.19.00,40426.20474887982
Shanxi,2025.11.19.04,38209.82010695533
Shanxi,2025.11.19.08,38153.70334546696
Shanxi,2025.11.19.12,39970.965725083304
Shanxi,2025.11.19.16,43052.60382432503
Shanxi,2025.11.19.20,46393.936644529305
Shanxi,2025.12.16.00,43223.41618137804
Shanxi,2025.12.16.04,40959.408676647625
Shanxi,2025.12.16.08,41321.086003263255
Shanxi,2025.12.16.12,41694.45169855301
Shanxi,2025.12.16.16,46272.95591832578
Shanxi,2025.12.16.20,49648.48256822133
Tianjin,2025.01.22.00,15402.895391946107
Tianjin,2025.01.22.04,13785.892285170963
Tianjin,2025.01.22.08,18134.960882776348
Tianjin,2025.01.22.12,18399.870820764947
Tianjin,2025.01.22.16,19498.221541357023
Tianjin,2025.01.22.20,18040.34381867434
Tianjin,2025.02.08.00,12999.685760224354
Tianjin,2025.02.08.04,11843.390402719959
Tianjin,2025.02.08.08,15871.22670011848
Tianjin,2025.02.08.12,16177.724599708872
Tianjin,2025.02.08.16,17099.936580306145
Tianjin,2025.02.08.20,15546.724889860217
Tianjin,2025.03.21.00,12762.310160353221
Tianjin,2025.03.21.04,12246.552004645195
Tianjin,2025.03.21.08,16236.491062373496
Tianjin,2025.03.21.12,16702.09214143749
Tianjin,2025.03.21.16,18097.413242685165
Tianjin,2025.03.21.20,16010.80539722661
Tianjin,2025.04.11.00,12503.61332714826
Tianjin,2025.04.11.04,11311.302101721227
Tianjin,2025.04.11.08,14557.858333402748
Tianjin,2025.04.11.12,15104.305938427879
Tianjin,2025.04.11.16,16082.73376327096
Tianjin,2025.04.11.20,14917.21464922014
Tianjin,2025.05.22.00,12540.58367837478
Tianjin,2025.05.22.04,11630.572375915628
Tianjin,2025.05.22.08,14956.699265519115
Tianjin,2025.05.22.12,15040.787390246991
Tianjin,2025.05.22.16,16731.15079312893
Tianjin,2025.05.22.20,15334.292098357024
Tianjin,2025.06.16.00,13886.385928932468
Tianjin,2025.06.16.04,12725.214141837592
Tianjin,2025.06.16.08,16438.938787600215
Tianjin,2025.06.16.12,17167.949500634426
Tianjin,2025.06.16.16,17787.635995068216
Tianjin,2025.06.16.20,16777.519141633897
Tianjin,2025.07.22.00,15988.77841926132
Tianjin,2025.07.22.04,14641.081578543612
Tianjin,2025.07.22.08,19443.30793151394
Tianjin,2025.07.22.12,19256.698689078246
Tianjin,2025.07.22.16,20328.105098279517
Tianjin,2025.07.22.20,19047.04823109143
Tianjin,2025.08.19.00,14279.347968516706
Tianjin,2025.08.19.04,13169.912656441289
Tianjin,2025.08.19.08,17080.387646217638
Tianjin,2025.08.19.12,17154.559553418163
Tianjin,2025.08.19.16,18355.261432827036
Tianjin,2025.08.19.20,17363.830519804753
Tianjin,2025.09.20.00,13432.529511514513
Tianjin,2025.09.20.04,12474.60196074203
Tianjin,2025.09.20.08,16713.372116109927
Tianjin,2025.09.20.12,17337.597302712144
Tianjin,2025.09.20.16,17731.877055450477
Tianjin,2025.09.20.20,17057.01051561963
Tianjin,2025.10.26.00,12669.173730245007
Tianjin,2025.10.26.04,11562.399898629461
Tianjin,2025.10.26.08,15052.510124772016
Tianjin,2025.10.26.12,15174.769863254172
Tianjin,2025.10.26.16,16684.82615846963
Tianjin,2025.10.26.20,15378.65380181331
Tianjin,2025.11.19.00,14116.432132083528
Tianjin,2025.11.19.04,13535.035990829252
Tianjin,2025.11.19.08,17972.497271298733
Tianjin,2025.11.19.12,18628.621303807504
Tianjin,2025.11.19.16,19279.049336094726
Tianjin,2025.11.19.20,18318.81245184648
Tianjin,2025.12.16.00,16741.930605368798
Tianjin,2025.12.16.04,14812.11876590053
Tianjin,2025.12.16.08,19545.096716673288
Tianjin,2025.12.16.12,19370.37483232334
Tianjin,2025.12.16.16,20546.58806558427
Tianjin,2025.12.16.20,19305.559014492766
West_Inner_Mongolia,2025.01.22.00,31308.69798645375
West_Inner_Mongolia,2025.01.22.04,30351.797483328195
West_Inner_Mongolia,2025.01.22.08,31276.85095723091
West_Inner_Mongolia,2025.01.22.12,31171.236844965224
West_Inner_Mongolia,2025.01.22.16,32333.53452882824
West_Inner_Mongolia,2025.01.22.20,33370.77559274498
West_Inner_Mongolia,2025.02.08.00,31091.13377149403
West_Inner_Mongolia,2025.02.08.04,30080.92964455586
West_Inner_Mongolia,2025.02.08.08,30994.10917954312
West_Inner_Mongolia,2025.02.08.12,31437.54529471781
West_Inner_Mongolia,2025.02.08.16,31889.207592592586
West_Inner_Mongolia,2025.02.08.20,33082.544402697145
West_Inner_Mongolia,2025.03.21.00,30899.431557973603
West_Inner_Mongolia,2025.03.21.04,29955.154692547945
West_Inner_Mongolia,2025.03.21.08,30534.02228589958
West_Inner_Mongolia,2025.03.21.12,30326.573563871632
West_Inner_Mongolia,2025.03.21.16,31344.745995318666
West_Inner_Mongolia,2025.03.21.20,32934.55374320127
West_Inner_Mongolia,2025.04.11.00,31017.10588489177
West_Inner_Mongolia,2025.04.11.04,30031.18032306811
West_Inner_Mongolia,2025.04.11.08,30483.25142093883
West_Inner_Mongolia,2025.04.11.12,30552.413564712013
West_Inner_Mongolia,2025.04.11.16,31679.984715431532
West_Inner_Mongolia,2025.04.11.20,33032.59821504068
West_Inner_Mongolia,2025.05.22.00,30351.26913924869
West_Inner_Mongolia,2025.05.22.04,29351.39296846706
West_Inner_Mongolia,2025.05.22.08,29456.889397236504
West_Inner_Mongolia,2025.05.22.12,29997.233515119497
West_Inner_Mongolia,2025.05.22.16,30824.11546676121
West_Inner_Mongolia,2025.05.22.20,32280.21170875935
West_Inner_Mongolia,2025.06.16.00,31006.664513247244
West_Inner_Mongolia,2025.06.16.04,30022.378211135692
West_Inner_Mongolia,2025.06.16.08,30303.568361538615
West_Inner_Mongolia,2025.06.16.12,30794.400156646356
West_Inner_Mongolia,2025.06.16.16,31556.54133898284
West_Inner_Mongolia,2025.06.16.20,33021.052124894515
West_Inner_Mongolia,2025.07.22.00,31714.794359490967
West_Inner_Mongolia,2025.07.22.04,30640.47476564319
West_Inner_Mongolia,2025.07.22.08,31260.79920265685
West_Inner_Mongolia,2025.07.22.12,31601.75425845076
West_Inner_Mongolia,2025.07.22.16,32279.022074645516
West_Inner_Mongolia,2025.07.22.20,33697.88880774727
West_Inner_Mongolia,2025.08.19.00,32268.06174768597
West_Inner_Mongolia,2025.08.19.04,31235.435429322177
West_Inner_Mongolia,2025.08.19.08,31537.161623047836
West_Inner_Mongolia,2025.08.19.12,31994.570797277505
West_Inner_Mongolia,2025.08.19.16,32939.812326428626
West_Inner_Mongolia,2025.08.19.20,34352.25362152535
West_Inner_Mongolia,2025.09.20.00,32352.31000979673
West_Inner_Mongolia,2025.09.20.04,31354.428550442346
West_Inner_Mongolia,2025.09.20.08,32091.376082661776
West_Inner_Mongolia,2025.09.20.12,32991.38226432873
West_Inner_Mongolia,2025.09.20.16,33487.1600850164
West_Inner_Mongolia,2025.09.20.20,34483.134779169806
West_Inner_Mongolia,2025.10.26.00,32018.61165733228
West_Inner_Mongolia,2025.10.26.04,30937.954159890603
West_Inner_Mongolia,2025.10.26.08,31497.321536903204
West_Inner_Mongolia,2025.10.26.12,32053.41981007075
West_Inner_Mongolia,2025.10.26.16,32940.58946641521
West_Inner_Mongolia,2025.10.26.20,34025.08723436748
West_Inner_Mongolia,2025.11.19.00,33372.56630735933
West_Inner_Mongolia,2025.11.19.04,32285.41957334076
West_Inner_Mongolia,2025.11.19.08,32745.699195821508
West_Inner_Mongolia,2025.11.19.12,32837.30826777565
West_Inner_Mongolia,2025.11.19.16,34219.20540963126
West_Inner_Mongolia,2025.11.19.20,35497.34444519958
West_Inner_Mongolia,2025.12.16.00,34037.03590762536
West_Inner_Mongolia,2025.12.16.04,32921.15731844076
West_Inner_Mongolia,2025.12.16.08,33794.77848723359
West_Inner_Mongolia,2025.12.16.12,33604.44540040645
West_Inner_Mongolia,2025.12.16.16,34926.04813082627
West_Inner_Mongolia,2025.12.16.20,36206.19980592914
East_Inner_Mongolia,2025.01.22.00,10966.995685922388
East_Inner_Mongolia,2025.01.22.04,10479.642132438787
East_Inner_Mongolia,2025.01.22.08,11791.225165317634
East_Inner_Mongolia,2025.01.22.12,11730.773769764413
East_Inner_Mongolia,2025.01.22.16,12305.457781066845
East_Inner_Mongolia,2025.01.22.20,12897.584761978462
East_Inner_Mongolia,2025.02.08.00,10864.550354196826
East_Inner_Mongolia,2025.02.08.04,10389.207699752113
East_Inner_Mongolia,2025.02.08.08,11554.638937049633
East_Inner_Mongolia,2025.02.08.12,11748.407028445936
East_Inner_Mongolia,2025.02.08.16,12155.398650702959
East_Inner_Mongolia,2025.02.08.20,12785.877233352378
East_Inner_Mongolia,2025.03.21.00,10814.57725525021
East_Inner_Mongolia,2025.03.21.04,10333.966410402492
East_Inner_Mongolia,2025.03.21.08,11554.786886490285
East_Inner_Mongolia,2025.03.21.12,11933.975090138016
East_Inner_Mongolia,2025.03.21.16,12001.664794429147
East_Inner_Mongolia,2025.03.21.20,12728.514063301058
East_Inner_Mongolia,2025.04.11.00,10732.234359181415
East_Inner_Mongolia,2025.04.11.04,10360.200573332851
East_Inner_Mongolia,2025.04.11.08,11654.066785913728
East_Inner_Mongolia,2025.04.11.12,11588.971546261775
East_Inner_Mongolia,2025.04.11.16,12021.188206389124
East_Inner_Mongolia,2025.04.11.20,12856.859762760048
East_Inner_Mongolia,2025.05.22.00,10612.523383514363
East_Inner_Mongolia,2025.05.22.04,10125.585207102931
East_Inner_Mongolia,2025.05.22.08,11094.34451571848
East_Inner_Mongolia,2025.05.22.12,11709.984903383634
East_Inner_Mongolia,2025.05.22.16,11745.18591465164
East_Inner_Mongolia,2025.05.22.20,12484.761832904966
East_Inner_Mongolia,2025.06.16.00,10732.234359181415
East_Inner_Mongolia,2025.06.16.04,10356.841729094203
East_Inner_Mongolia,2025.06.16.08,11288.211627545197
East_Inner_Mongolia,2025.06.16.12,11754.347759619746
East_Inner_Mongolia,2025.06.16.16,12040.833241623242
East_Inner_Mongolia,2025.06.16.20,12797.253963282474
East_Inner_Mongolia,2025.07.22.00,11068.649064322715
East_Inner_Mongolia,2025.07.22.04,10582.297107186168
East_Inner_Mongolia,2025.07.22.08,11825.776316491132
East_Inner_Mongolia,2025.07.22.12,12396.581858136538
East_Inner_Mongolia,2025.07.22.16,12403.275301307498
East_Inner_Mongolia,2025.07.22.20,13060.722114014998
East_Inner_Mongolia,2025.08.19.00,11165.871737259029
East_Inner_Mongolia,2025.08.19.04,10776.836520210032
East_Inner_Mongolia,2025.08.19.08,11790.34940280676
East_Inner_Mongolia,2025.08.19.12,12085.933270173497
East_Inner_Mongolia,2025.08.19.16,12558.87785357278
East_Inner_Mongolia,2025.08.19.20,13277.99412160222
East_Inner_Mongolia,2025.09.20.00,11181.526712482368
East_Inner_Mongolia,2025.09.20.04,10819.868021189863
East_Inner_Mongolia,2025.09.20.08,11788.674606944036
East_Inner_Mongolia,2025.09.20.12,12187.71222095441
East_Inner_Mongolia,2025.09.20.16,12769.568804065377
East_Inner_Mongolia,2025.09.20.20,13365.05002352693
East_Inner_Mongolia,2025.10.26.00,11138.530744284653
East_Inner_Mongolia,2025.10.26.04,10676.149970001163
East_Inner_Mongolia,2025.10.26.08,11659.002491371068
East_Inner_Mongolia,2025.10.26.12,12075.764359322915
East_Inner_Mongolia,2025.10.26.16,12644.091797935536
East_Inner_Mongolia,2025.10.26.20,13151.190234794934
East_Inner_Mongolia,2025.11.19.00,11658.216289711827
East_Inner_Mongolia,2025.11.19.04,11146.901517205388
East_Inner_Mongolia,2025.11.19.08,12262.002535990816
East_Inner_Mongolia,2025.11.19.12,12672.471777973708
East_Inner_Mongolia,2025.11.19.16,13152.130450547837
East_Inner_Mongolia,2025.11.19.20,13721.805079509822
East_Inner_Mongolia,2025.12.16.00,11850.236460644192
East_Inner_Mongolia,2025.12.16.04,11369.32106377508
East_Inner_Mongolia,2025.12.16.08,12747.673834988598
East_Inner_Mongolia,2025.12.16.12,12899.466721862726
East_Inner_Mongolia,2025.12.16.16,13426.93015431827
East_Inner_Mongolia,2025.12.16.20,14032.879494208872
Heilongjiang,2025.01.22.00,15638.207499247308
Heilongjiang,2025.01.22.04,14869.22933229641
Heilongjiang,2025.01.22.08,18853.863014784165
Heilongjiang,2025.01.22.12,18470.850186512776
Heilongjiang,2025.01.22.16,20545.334236333372
Heilongjiang,2025.01.22.20,20411.09463063295
Heilongjiang,2025.02.08.00,14659.980512288068
Heilongjiang,2025.02.08.04,13930.415024963359
Heilongjiang,2025.02.08.08,17418.066428794824
Heilongjiang,2025.02.08.12,17441.20926620137
Heilongjiang,2025.02.08.16,19255.89111179333
Heilongjiang,2025.02.08.20,19128.05098585903
Heilongjiang,2025.03.21.00,14447.322252084796
Heilongjiang,2025.03.21.04,13714.844113858078
Heilongjiang,2025.03.21.08,17015.12233946146
Heilongjiang,2025.03.21.12,17343.97241267297
Heilongjiang,2025.03.21.16,18713.606992306653
Heilongjiang,2025.03.21.20,18779.151143005492
Heilongjiang,2025.04.11.00,14396.28467963812
Heilongjiang,2025.04.11.04,13665.862840735164
Heilongjiang,2025.04.11.08,16409.86857743379
Heilongjiang,2025.04.11.12,16757.89362894108
Heilongjiang,2025.04.11.16,18743.735620819112
Heilongjiang,2025.04.11.20,18722.021665412885
Heilongjiang,2025.05.22.00,13780.232933491765
Heilongjiang,2025.05.22.04,13182.023314067583
Heilongjiang,2025.05.22.08,15760.49843240433
Heilongjiang,2025.05.22.12,16539.787564513306
Heilongjiang,2025.05.22.16,18194.705346869476
Heilongjiang,2025.05.22.20,18174.45311450011
Heilongjiang,2025.06.16.00,13473.209435751798
Heilongjiang,2025.06.16.04,12782.1673964849
Heilongjiang,2025.06.16.08,15822.224119944774
Heilongjiang,2025.06.16.12,16180.463944836223
Heilongjiang,2025.06.16.16,17444.73339993971
Heilongjiang,2025.06.16.20,17620.99199878648
Heilongjiang,2025.07.22.00,13686.93822167677
Heilongjiang,2025.07.22.04,13056.541697737424
Heilongjiang,2025.07.22.08,16245.619454741292
Heilongjiang,2025.07.22.12,16495.332558436432
Heilongjiang,2025.07.22.16,17826.86419479504
Heilongjiang,2025.07.22.20,17950.076739001586
Heilongjiang,2025.08.19.00,13049.114901531168
Heilongjiang,2025.08.19.04,12567.894853956177
Heilongjiang,2025.08.19.08,15235.54038375597
Heilongjiang,2025.08.19.12,15131.251438259877
Heilongjiang,2025.08.19.16,17242.285685346513
Heilongjiang,2025.08.19.20,17208.51984460391
Heilongjiang,2025.09.20.00,13165.704562122388
Heilongjiang,2025.09.20.04,12481.15377601827
Heilongjiang,2025.09.20.08,15745.04282656262
Heilongjiang,2025.09.20.12,15790.098803687964
Heilongjiang,2025.09.20.16,17160.406781708025
Heilongjiang,2025.09.20.20,17088.853110355758
Heilongjiang,2025.10.26.00,14333.347686864989
Heilongjiang,2025.10.26.04,13711.135201503273
Heilongjiang,2025.10.26.08,16586.944589091872
Heilongjiang,2025.10.26.12,17135.298477298104
Heilongjiang,2025.10.26.16,19041.26739834678
Heilongjiang,2025.10.26.20,18847.580575951637
Heilongjiang,2025.11.19.00,16154.25739427677
Heilongjiang,2025.11.19.04,15364.487622253644
Heilongjiang,2025.11.19.08,18881.541113531046
Heilongjiang,2025.11.19.12,19018.80589979082
Heilongjiang,2025.11.19.16,21276.320270223132
Heilongjiang,2025.11.19.20,21030.39122443126
Heilongjiang,2025.12.16.00,17169.344772406337
Heilongjiang,2025.12.16.04,16338.677218825345
Heilongjiang,2025.12.16.08,20654.44441367202
Heilongjiang,2025.12.16.12,20861.135247419534
Heilongjiang,2025.12.16.16,22624.012105798734
Heilongjiang,2025.12.16.20,22369.168155850166
Jilin,2025.01.22.00,13594.82354563696
Jilin,2025.01.22.04,12593.215074099788
Jilin,2025.01.22.08,15856.833883191131
Jilin,2025.01.22.12,16009.766683098522
Jilin,2025.01.22.16,17721.7469402792
Jilin,2025.01.22.20,17263.26424770486
Jilin,2025.02.08.00,12597.68258255544
Jilin,2025.02.08.04,11652.072465714888
Jilin,2025.02.08.08,14457.549698137593
Jilin,2025.02.08.12,14721.144246731154
Jilin,2025.02.08.16,16378.080571656497
Jilin,2025.02.08.20,15988.487764697045
Jilin,2025.03.21.00,12083.579686227851
Jilin,2025.03.21.04,11195.293435207288
Jilin,2025.03.21.08,13932.611070562303
Jilin,2025.03.21.12,14371.916090113307
Jilin,2025.03.21.16,15482.194119342661
Jilin,2025.03.21.20,15363.73430221394
Jilin,2025.04.11.00,11776.073015805703
Jilin,2025.04.11.04,10876.60360087624
Jilin,2025.04.11.08,13289.730573678882
Jilin,2025.04.11.12,13776.082410528828
Jilin,2025.04.11.16,15137.41892377772
Jilin,2025.04.11.20,14966.597714913938
Jilin,2025.05.22.00,11388.865878848592
Jilin,2025.05.22.04,10497.163551749378
Jilin,2025.05.22.08,12605.642465715737
Jilin,2025.05.22.12,13368.174862680888
Jilin,2025.05.22.16,14549.889077258715
Jilin,2025.05.22.20,14413.976737599369
Jilin,2025.06.16.00,11279.389394377618
Jilin,2025.06.16.04,10510.75878311698
Jilin,2025.06.16.08,12955.706617710455
Jilin,2025.06.16.12,13111.424425274763
Jilin,2025.06.16.16,14736.792554358184
Jilin,2025.06.16.20,14515.319573726314
Jilin,2025.07.22.00,12134.956871244247
Jilin,2025.07.22.04,11203.767625725823
Jilin,2025.07.22.08,13650.259988027985
Jilin,2025.07.22.12,14073.696895181945
Jilin,2025.07.22.16,15539.31113463305
Jilin,2025.07.22.20,15433.561804853854
Jilin,2025.08.19.00,11699.403525604968
Jilin,2025.08.19.04,10847.038210278248
Jilin,2025.08.19.08,12801.151896987963
Jilin,2025.08.19.12,13338.646628878672
Jilin,2025.08.19.16,14965.761844784267
Jilin,2025.08.19.20,14888.855519906652
Jilin,2025.09.20.00,11219.919967378231
Jilin,2025.09.20.04,10520.650713222576
Jilin,2025.09.20.08,12892.096690783319
Jilin,2025.09.20.12,13357.985843648577
Jilin,2025.09.20.16,14708.494952943189
Jilin,2025.09.20.20,14475.889639863146
Jilin,2025.10.26.00,11636.968416951604
Jilin,2025.10.26.04,10850.822898768216
Jilin,2025.10.26.08,12958.208603851745
Jilin,2025.10.26.12,13424.956641127881
Jilin,2025.10.26.16,15364.124370830308
Jilin,2025.10.26.20,14888.855519906652
Jilin,2025.11.19.00,13661.734136896412
Jilin,2025.11.19.04,12656.36803914488
Jilin,2025.11.19.08,15320.55839195787
Jilin,2025.11.19.12,15848.786353271913
Jilin,2025.11.19.16,17859.72578969261
Jilin,2025.11.19.20,17350.310587528194
Jilin,2025.12.16.00,14683.506216078937
Jilin,2025.12.16.04,13606.587190280781
Jilin,2025.12.16.08,16796.447984758925
Jilin,2025.12.16.12,17173.029246316793
Jilin,2025.12.16.16,19186.027753605704
Jilin,2025.12.16.20,18687.885778364733
Liaoning,2025.01.22.00,45407.51532496991
Liaoning,2025.01.22.04,41712.997073912884
Liaoning,2025.01.22.08,44305.31331167635
Liaoning,2025.01.22.12,45150.95759905006
Liaoning,2025.01.22.16,48527.4986678846
Liaoning,2025.01.22.20,47679.75850212101
Liaoning,2025.02.08.00,41322.54012452925
Liaoning,2025.02.08.04,37923.48401137107
Liaoning,2025.02.08.08,39987.47740270317
Liaoning,2025.02.08.12,40289.30406108754
Liaoning,2025.02.08.16,43680.04528278902
Liaoning,2025.02.08.20,43344.52552554087
Liaoning,2025.03.21.00,43129.745688178744
Liaoning,2025.03.21.04,39574.81113900697
Liaoning,2025.03.21.08,41843.355534576134
Liaoning,2025.03.21.12,42870.90111116568
Liaoning,2025.03.21.16,45794.133939645195
Liaoning,2025.03.21.20,45218.45894002211
Liaoning,2025.04.11.00,40554.570282141925
Liaoning,2025.04.11.04,37337.973834081946
Liaoning,2025.04.11.08,39488.84283246431
Liaoning,2025.04.11.12,40230.71815207856
Liaoning,2025.04.11.16,42803.61693903854
Liaoning,2025.04.11.20,42714.93798087741
Liaoning,2025.05.22.00,39843.11396447107
Liaoning,2025.05.22.04,36515.8880269244
Liaoning,2025.05.22.08,38131.06635674055
Liaoning,2025.05.22.12,39769.379679255646
Liaoning,2025.05.22.16,42080.20086259419
Liaoning,2025.05.22.20,41774.465302211516
Liaoning,2025.06.16.00,39870.177675952764
Liaoning,2025.06.16.04,36745.308143472124
Liaoning,2025.06.16.08,38547.71995951922
Liaoning,2025.06.16.12,38780.49342227001
Liaoning,2025.06.16.16,42007.782202007074
Liaoning,2025.06.16.20,42106.134909222696
Liaoning,2025.07.22.00,42787.40237829422
Liaoning,2025.07.22.04,39383.62865816505
Liaoning,2025.07.22.08,41239.467291438545
Liaoning,2025.07.22.12,41686.1714409075
Liaoning,2025.07.22.16,45138.34634633359
Liaoning,2025.07.22.20,45055.18331205903
Liaoning,2025.08.19.00,41473.03357776233
Liaoning,2025.08.19.04,38392.54047782049
Liaoning,2025.08.19.08,39185.84060252999
Liaoning,2025.08.19.12,40057.42518302768
Liaoning,2025.08.19.16,44741.91397383263
Liaoning,2025.08.19.20,43312.61887605597
Liaoning,2025.09.20.00,39823.23803193675
Liaoning,2025.09.20.04,36978.03860070813
Liaoning,2025.09.20.08,38042.10935038131
Liaoning,2025.09.20.12,39876.199731298104
Liaoning,2025.09.20.16,42885.36648798839
Liaoning,2025.09.20.20,42527.81075924369
Liaoning,2025.10.26.00,40576.675245089944
Liaoning,2025.10.26.04,37280.617950291875
Liaoning,2025.10.26.08,38618.023108615096
Liaoning,2025.10.26.12,39646.07696575808
Liaoning,2025.10.26.16,43495.47551367316
Liaoning,2025.10.26.20,42649.322395258925
Liaoning,2025.11.19.00,45201.42432473454
Liaoning,2025.11.19.04,41521.812427949735
Liaoning,2025.11.19.08,42940.37160014509
Liaoning,2025.11.19.12,43953.97423462978
Liaoning,2025.11.19.16,48469.81224537044
Liaoning,2025.11.19.20,47208.71361371732
Liaoning,2025.12.16.00,48086.66798691172
Liaoning,2025.12.16.04,44198.36932485734
Liaoning,2025.12.16.08,46210.6770649887
Liaoning,2025.12.16.12,47056.928304929366
Liaoning,2025.12.16.16,50732.26117875375
Liaoning,2025.12.16.20,51063.489408940746
Gansu,2025.01.22.00,19834.689569375925
Gansu,2025.01.22.04,18942.266937610457
Gansu,2025.01.22.08,20631.849442710034
Gansu,2025.01.22.12,21053.469109704274
Gansu,2025.01.22.16,20931.613147480995
Gansu,2025.01.22.20,21354.39239886505
Gansu,2025.02.08.00,18403.76049657392
Gansu,2025.02.08.04,17631.15656532144
Gansu,2025.02.08.08,19192.302513459737
Gansu,2025.02.08.12,19568.83297852308
Gansu,2025.02.08.16,19419.79457402829
Gansu,2025.02.08.20,19861.966471855547
Gansu,2025.03.21.00,18361.10081553379
Gansu,2025.03.21.04,17589.97938720359
Gansu,2025.03.21.08,19021.860629080773
Gansu,2025.03.21.12,19501.49915937021
Gansu,2025.03.21.16,19417.017407543764
Gansu,2025.03.21.20,19903.73243867814
Gansu,2025.04.11.00,18431.632395700002
Gansu,2025.04.11.04,17657.03156749113
Gansu,2025.04.11.08,19071.56959063845
Gansu,2025.04.11.12,19726.657163121276
Gansu,2025.04.11.16,19397.61841359946
Gansu,2025.04.11.20,20033.178483319643
Gansu,2025.05.22.00,17809.247963629463
Gansu,2025.05.22.04,16930.698311699998
Gansu,2025.05.22.08,18155.000414914735
Gansu,2025.05.22.12,18944.906140062456
Gansu,2025.05.22.16,18705.953338750613
Gansu,2025.05.22.20,19063.21411239795
Gansu,2025.06.16.00,18613.838686376243
Gansu,2025.06.16.04,17830.249422856603
Gansu,2025.06.16.08,19163.37805475268
Gansu,2025.06.16.12,19588.53542701731
Gansu,2025.06.16.16,19558.33693633279
Gansu,2025.06.16.20,20096.90788447954
Gansu,2025.07.22.00,18759.463742189124
Gansu,2025.07.22.04,17925.23975242714
Gansu,2025.07.22.08,19209.430105657877
Gansu,2025.07.22.12,19598.69000923864
Gansu,2025.07.22.16,19534.300749623886
Gansu,2025.07.22.20,20203.115250544037
Gansu,2025.08.19.00,18933.241371973072
Gansu,2025.08.19.04,18092.871543681205
Gansu,2025.08.19.08,19532.676669632445
Gansu,2025.08.19.12,20426.769393303603
Gansu,2025.08.19.16,20087.13325193993
Gansu,2025.08.19.20,20400.330421617953
Gansu,2025.09.20.00,18796.044977052377
Gansu,2025.09.20.04,18014.710150450264
Gansu,2025.09.20.08,19493.614414110478
Gansu,2025.09.20.12,20141.83462823599
Gansu,2025.09.20.16,19872.27406610689
Gansu,2025.09.20.20,20380.6258453094
Gansu,2025.10.26.00,19219.882387148577
Gansu,2025.10.26.04,18266.46018627191
Gansu,2025.10.26.08,19724.153295455955
Gansu,2025.10.26.12,20255.259722018174
Gansu,2025.10.26.16,20203.69904018984
Gansu,2025.10.26.20,20591.14245084657
Gansu,2025.11.19.00,21529.14807979557
Gansu,2025.11.19.04,20601.743420023126
Gansu,2025.11.19.08,22328.746410035375
Gansu,2025.11.19.12,22894.289167285522
Gansu,2025.11.19.16,22922.690356983978
Gansu,2025.11.19.20,23321.483327166738
Gansu,2025.12.16.00,21358.696638852063
Gansu,2025.12.16.04,20439.700534815205
Gansu,2025.12.16.08,22212.966705622366
Gansu,2025.12.16.12,22648.04450754564
Gansu,2025.12.16.16,22639.40523472218
Gansu,2025.12.16.20,23164.321178729784
Ningxia,2025.01.22.00,14007.108291165472
Ningxia,2025.01.22.04,13525.975853872545
Ningxia,2025.01.22.08,13565.273435896836
Ningxia,2025.01.22.12,12545.87255038983
Ningxia,2025.01.22.16,13633.836872248963
Ningxia,2025.01.22.20,14847.615680792293
Ningxia,2025.02.08.00,12802.991335190602
Ningxia,2025.02.08.04,12374.629167600739
Ningxia,2025.02.08.08,12401.517184258817
Ningxia,2025.02.08.12,11795.241706332665
Ningxia,2025.02.08.16,12485.526300155192
Ningxia,2025.02.08.20,13572.990644838123
Ningxia,2025.03.21.00,14280.562726168851
Ningxia,2025.03.21.04,13820.110623095883
Ningxia,2025.03.21.08,13692.360278923481
Ningxia,2025.03.21.12,13005.079383250582
Ningxia,2025.03.21.16,13958.645844317434
Ningxia,2025.03.21.20,15172.066916767373
Ningxia,2025.04.11.00,13986.096850573496
Ningxia,2025.04.11.04,13521.073944255228
Ningxia,2025.04.11.08,13454.544576673215
Ningxia,2025.04.11.12,13323.161042687718
Ningxia,2025.04.11.16,13845.348984853083
Ningxia,2025.04.11.20,14842.208531415947
Ningxia,2025.05.22.00,13770.496262578665
Ningxia,2025.05.22.04,13236.020667356075
Ningxia,2025.05.22.08,12827.860250279762
Ningxia,2025.05.22.12,12880.874496361424
Ningxia,2025.05.22.16,13554.109246228607
Ningxia,2025.05.22.20,14523.165755016687
Ningxia,2025.06.16.00,14602.795095153962
Ningxia,2025.06.16.04,14128.951239948681
Ningxia,2025.06.16.08,13815.134056157693
Ningxia,2025.06.16.12,13064.047766160895
Ningxia,2025.06.16.16,14049.693364726998
Ningxia,2025.06.16.20,15512.739731891661
Ningxia,2025.07.22.00,14159.639845144986
Ningxia,2025.07.22.04,13677.222227303275
Ningxia,2025.07.22.08,13250.040830265541
Ningxia,2025.07.22.12,12684.612999038263
Ningxia,2025.07.22.16,13535.446257266069
Ningxia,2025.07.22.20,15009.841953879622
Ningxia,2025.08.19.00,14280.58591054055
Ningxia,2025.08.19.04,13820.110623095883
Ningxia,2025.08.19.08,13439.55707552327
Ningxia,2025.08.19.12,13058.63397895632
Ningxia,2025.08.19.16,13895.738479766036
Ningxia,2025.08.19.20,15172.066916767373
Ningxia,2025.09.20.00,14443.257842423234
Ningxia,2025.09.20.04,13981.15939043073
Ningxia,2025.09.20.08,13980.540155544353
Ningxia,2025.09.20.12,14068.900935118834
Ningxia,2025.09.20.16,14410.406360860625
Ningxia,2025.09.20.20,15422.19730285185
Ningxia,2025.10.26.00,13727.486511483106
Ningxia,2025.10.26.04,13231.842272424712
Ningxia,2025.10.26.08,13047.473437706725
Ningxia,2025.10.26.12,12921.205544065158
Ningxia,2025.10.26.16,13611.00485630933
Ningxia,2025.10.26.20,14523.165755016687
Ningxia,2025.11.19.00,14027.457626180678
Ningxia,2025.11.19.04,13525.25233918659
Ningxia,2025.11.19.08,13291.245651667938
Ningxia,2025.11.19.12,12326.001756661672
Ningxia,2025.11.19.16,13552.529527123224
Ningxia,2025.11.19.20,14919.29991789958
Ningxia,2025.12.16.00,13976.075319676554
Ningxia,2025.12.16.04,13525.975853872545
Ningxia,2025.12.16.08,13433.190046666283
Ningxia,2025.12.16.12,12272.10556622932
Ningxia,2025.12.16.16,13576.164462111688
Ningxia,2025.12.16.20,14847.615680792293
Qinghai,2025.01.22.00,10556.215943672547
Qinghai,2025.01.22.04,10416.862637807393
Qinghai,2025.01.22.08,10638.244280313836
Qinghai,2025.01.22.12,10323.881797591848
Qinghai,2025.01.22.16,10756.800584455652
Qinghai,2025.01.22.20,10709.479461059029
Qinghai,2025.02.08.00,10934.240267678037
Qinghai,2025.02.08.04,10791.053355024183
Qinghai,2025.02.08.08,11012.15507924108
Qinghai,2025.02.08.12,10712.938689131892
Qinghai,2025.02.08.16,11151.060231209294
Qinghai,2025.02.08.20,11075.549763407815
Qinghai,2025.03.21.00,9190.450291007372
Qinghai,2025.03.21.04,9072.482118252188
Qinghai,2025.03.21.08,9231.628661848503
Qinghai,2025.03.21.12,8976.293062184066
Qinghai,2025.03.21.16,9385.763036662758
Qinghai,2025.03.21.20,9325.123993450667
Qinghai,2025.04.11.00,10379.804987670594
Qinghai,2025.04.11.04,10243.213921263403
Qinghai,2025.04.11.08,10432.047010314333
Qinghai,2025.04.11.12,10225.473530501036
Qinghai,2025.04.11.16,10580.926246528621
Qinghai,2025.04.11.20,10525.829363531713
Qinghai,2025.05.22.00,10045.392788054689
Qinghai,2025.05.22.04,9912.720391834764
Qinghai,2025.05.22.08,10082.784736760235
Qinghai,2025.05.22.12,9788.783671667225
Qinghai,2025.05.22.16,10217.056872755365
Qinghai,2025.05.22.20,10171.831031972071
Qinghai,2025.06.16.00,10556.215913272548
Qinghai,2025.06.16.04,10416.86260788335
Qinghai,2025.06.16.08,10595.65721000433
Qinghai,2025.06.16.12,10357.389343775514
Qinghai,2025.06.16.16,10809.736298321708
Qinghai,2025.06.16.20,10728.06635580032
Qinghai,2025.07.22.00,9531.891704173668
Qinghai,2025.07.22.04,9408.577248140984
Qinghai,2025.07.22.08,9572.318304278988
Qinghai,2025.07.22.12,9299.45778130528
Qinghai,2025.07.22.16,9720.971176937279
Qinghai,2025.07.22.20,9670.18288339395
Qinghai,2025.08.19.00,10063.58628330284
Qinghai,2025.08.19.04,9912.720391834764
Qinghai,2025.08.19.08,10093.974343645132
Qinghai,2025.08.19.12,9843.013891308196
Qinghai,2025.08.19.16,10234.429840865187
Qinghai,2025.08.19.20,10172.29141962149
Qinghai,2025.09.20.00,10909.038706877722
Qinghai,2025.09.20.04,10766.246399792715
Qinghai,2025.09.20.08,10947.152339476663
Qinghai,2025.09.20.12,10586.984492907604
Qinghai,2025.09.20.16,11061.904096735798
Qinghai,2025.09.20.20,11055.612094185535
Qinghai,2025.10.26.00,10214.774530506276
Qinghai,2025.10.26.04,10080.767507918588
Qinghai,2025.10.26.08,10249.926462445123
Qinghai,2025.10.26.12,9929.321667277392
Qinghai,2025.10.26.16,10383.542241858016
Qinghai,2025.10.26.20,10345.389230376612
Qinghai,2025.11.19.00,11261.861500482897
Qinghai,2025.11.19.04,11111.45920965354
Qinghai,2025.11.19.08,11330.324582782261
Qinghai,2025.11.19.12,10969.555862102958
Qinghai,2025.11.19.16,11430.613738088809
Qinghai,2025.11.19.20,11410.520902374341
Qinghai,2025.12.16.00,10897.657356838861
Qinghai,2025.12.16.04,10755.043258720487
Qinghai,2025.12.16.08,10976.506425633475
Qinghai,2025.12.16.12,10577.14577626959
Qinghai,2025.12.16.16,11055.016922407078
Qinghai,2025.12.16.20,11056.360613072016
Shaanxi,2025.01.22.00,24732.924195824344
Shaanxi,2025.01.22.04,20955.98447540813
Shaanxi,2025.01.22.08,22614.290515660443
Shaanxi,2025.01.22.12,26343.48732166262
Shaanxi,2025.01.22.16,29138.199660326674
Shaanxi,2025.01.22.20,28324.38111253876
Shaanxi,2025.02.08.00,21639.744668073916
Shaanxi,2025.02.08.04,18532.429249872228
Shaanxi,2025.02.08.08,19891.1402544754
Shaanxi,2025.02.08.12,24322.437774131256
Shaanxi,2025.02.08.16,26519.11934589701
Shaanxi,2025.02.08.20,24417.998709991552
Shaanxi,2025.03.21.00,20730.32880519282
Shaanxi,2025.03.21.04,17736.952845133263
Shaanxi,2025.03.21.08,18757.937430940765
Shaanxi,2025.03.21.12,22768.77504893242
Shaanxi,2025.03.21.16,25124.467441473997
Shaanxi,2025.03.21.20,23387.795712665997
Shaanxi,2025.04.11.00,19692.35299676642
Shaanxi,2025.04.11.04,16865.66829248849
Shaanxi,2025.04.11.08,17787.145220115948
Shaanxi,2025.04.11.12,21833.506759984793
Shaanxi,2025.04.11.16,23988.89792341272
Shaanxi,2025.04.11.20,22211.95764711415
Shaanxi,2025.05.22.00,18867.643961931888
Shaanxi,2025.05.22.04,15837.639562868006
Shaanxi,2025.05.22.08,15371.29758832471
Shaanxi,2025.05.22.12,19894.280656293453
Shaanxi,2025.05.22.16,21472.134248555212
Shaanxi,2025.05.22.20,21373.613717791763
Shaanxi,2025.06.16.00,20447.616526274658
Shaanxi,2025.06.16.04,17163.88019173337
Shaanxi,2025.06.16.08,17501.25316037846
Shaanxi,2025.06.16.12,21591.836641066002
Shaanxi,2025.06.16.16,22414.95158203803
Shaanxi,2025.06.16.20,23163.435666049103
Shaanxi,2025.07.22.00,21497.3067809697
Shaanxi,2025.07.22.04,18412.865836411405
Shaanxi,2025.07.22.08,18670.03738095776
Shaanxi,2025.07.22.12,22099.794711615094
Shaanxi,2025.07.22.16,25140.669365848255
Shaanxi,2025.07.22.20,24256.642454600737
Shaanxi,2025.08.19.00,22110.888776667478
Shaanxi,2025.08.19.04,18895.80507211267
Shaanxi,2025.08.19.08,19354.650943644876
Shaanxi,2025.08.19.12,23535.410246776137
Shaanxi,2025.08.19.16,26810.42553959483
Shaanxi,2025.08.19.20,24951.71941209979
Shaanxi,2025.09.20.00,20764.634885104962
Shaanxi,2025.09.20.04,17429.987741361565
Shaanxi,2025.09.20.08,18471.271280121116
Shaanxi,2025.09.20.12,22776.490989181522
Shaanxi,2025.09.20.16,23908.557301358138
Shaanxi,2025.09.20.20,23522.559887216263
Shaanxi,2025.10.26.00,21321.97194472281
Shaanxi,2025.10.26.04,17897.820581702745
Shaanxi,2025.10.26.08,18425.1262909
Shaanxi,2025.10.26.12,22658.669970381517
Shaanxi,2025.10.26.16,25204.9257633883
Shaanxi,2025.10.26.20,23561.56549710169
Shaanxi,2025.11.19.00,23300.773800655654
Shaanxi,2025.11.19.04,19631.686212672015
Shaanxi,2025.11.19.08,19819.584520627348
Shaanxi,2025.11.19.12,22633.14551705639
Shaanxi,2025.11.19.16,26206.468396953434
Shaanxi,2025.11.19.20,26699.4429223759
Shaanxi,2025.12.16.00,25617.04398998807
Shaanxi,2025.12.16.04,21575.980500972124
Shaanxi,2025.12.16.08,22292.448109814468
Shaanxi,2025.12.16.12,25393.506931029464
Shaanxi,2025.12.16.16,28199.963478615842
Shaanxi,2025.12.16.20,29289.197467442355
Xinjiang,2025.01.22.00,22070.449839012355
Xinjiang,2025.01.22.04,20896.63343269451
Xinjiang,2025.01.22.08,21404.172414305387
Xinjiang,2025.01.22.12,22492.288483682256
Xinjiang,2025.01.22.16,22466.220007664946
Xinjiang,2025.01.22.20,23007.269151939916
Xinjiang,2025.02.08.00,21882.21434930264
Xinjiang,2025.02.08.04,20718.409243510352
Xinjiang,2025.02.08.08,21221.61950280486
Xinjiang,2025.02.08.12,22314.427038111193
Xinjiang,2025.02.08.16,22292.097293278577
Xinjiang,2025.02.08.20,22811.04367365164
Xinjiang,2025.03.21.00,20884.233404007606
Xinjiang,2025.03.21.04,19848.990285423446
Xinjiang,2025.03.21.08,20335.737676514047
Xinjiang,2025.03.21.12,21336.18607548321
Xinjiang,2025.03.21.16,21402.626648120484
Xinjiang,2025.03.21.20,21714.192001321433
Xinjiang,2025.04.11.00,20796.879371101164
Xinjiang,2025.04.11.04,19758.888899323865
Xinjiang,2025.04.11.08,20228.597248244358
Xinjiang,2025.04.11.12,21169.381935440233
Xinjiang,2025.04.11.16,21315.62355184805
Xinjiang,2025.04.11.20,21610.468821975395
Xinjiang,2025.05.22.00,20162.448914811932
Xinjiang,2025.05.22.04,19121.247051462622
Xinjiang,2025.05.22.08,19559.279673624394
Xinjiang,2025.05.22.12,20531.27921006431
Xinjiang,2025.05.22.16,20663.261022294617
Xinjiang,2025.05.22.20,20895.857819892397
Xinjiang,2025.06.16.00,21521.67164527551
Xinjiang,2025.06.16.04,20304.041911193563
Xinjiang,2025.06.16.08,20761.4425484377
Xinjiang,2025.06.16.12,21806.43210970634
Xinjiang,2025.06.16.16,21651.894199972878
Xinjiang,2025.06.16.20,22328.007347111194
Xinjiang,2025.07.22.00,22255.06355205998
Xinjiang,2025.07.22.04,21096.5509008339
Xinjiang,2025.07.22.08,21584.476065100742
Xinjiang,2025.07.22.12,22650.572955614047
Xinjiang,2025.07.22.16,22769.311792277196
Xinjiang,2025.07.22.20,23064.439824910874
Xinjiang,2025.08.19.00,22793.62787300739
Xinjiang,2025.08.19.04,21616.36828228353
Xinjiang,2025.08.19.08,22132.13877338395
Xinjiang,2025.08.19.12,23247.069468425347
Xinjiang,2025.08.19.16,23370.557353585853
Xinjiang,2025.08.19.20,23649.576279378565
Xinjiang,2025.09.20.00,20994.866881944457
Xinjiang,2025.09.20.04,19973.74750814826
Xinjiang,2025.09.20.08,20457.67556908733
Xinjiang,2025.09.20.12,21467.56902507054
Xinjiang,2025.09.20.16,21610.81912450792
Xinjiang,2025.09.20.20,21851.883858490917
Xinjiang,2025.10.26.00,21694.63695103749
Xinjiang,2025.10.26.04,20376.816051244776
Xinjiang,2025.10.26.08,20871.16896914456
Xinjiang,2025.10.26.12,21875.042917016686
Xinjiang,2025.10.26.16,21813.119052673745
Xinjiang,2025.10.26.20,22287.19363916072
Xinjiang,2025.11.19.00,22692.66762193696
Xinjiang,2025.11.19.04,21485.75857603886
Xinjiang,2025.11.19.08,22007.606272795354
Xinjiang,2025.11.19.12,23072.763349759243
Xinjiang,2025.11.19.16,23040.901567207373
Xinjiang,2025.11.19.20,23655.89807012207
Xinjiang,2025.12.16.00,26792.477298830203
Xinjiang,2025.12.16.04,25463.012138046357
Xinjiang,2025.12.16.08,26089.462347095043
Xinjiang,2025.12.16.12,27491.169078140552
Xinjiang,2025.12.16.16,27553.108994542185
Xinjiang,2025.12.16.20,27895.93122652366
Guangdong,2025.01.22.00,67512.20369237581
Guangdong,2025.01.22.04,59096.07298714478
Guangdong,2025.01.22.08,63913.635615890395
Guangdong,2025.01.22.12,70332.70360647475
Guangdong,2025.01.22.16,79132.15941990538
Guangdong,2025.01.22.20,75295.66528658976
Guangdong,2025.02.08.00,52639.07882272408
Guangdong,2025.02.08.04,45831.18625648046
Guangdong,2025.02.08.08,47314.42658075681
Guangdong,2025.02.08.12,51231.62772491678
Guangdong,2025.02.08.16,65039.51410981592
Guangdong,2025.02.08.20,58941.71879735597
Guangdong,2025.03.21.00,76936.15670972476
Guangdong,2025.03.21.04,66962.58104096336
Guangdong,2025.03.21.08,71176.97815571523
Guangdong,2025.03.21.12,82085.8734489733
Guangdong,2025.03.21.16,91403.74043491023
Guangdong,2025.03.21.20,85412.47751637909
Guangdong,2025.04.11.00,81215.47069074103
Guangdong,2025.04.11.04,70626.6649947434
Guangdong,2025.04.11.08,74270.01838803358
Guangdong,2025.04.11.12,85698.57254467926
Guangdong,2025.04.11.16,95958.58338395492
Guangdong,2025.04.11.20,91369.9260673614
Guangdong,2025.05.22.00,85314.34696909324
Guangdong,2025.05.22.04,74280.51200247371
Guangdong,2025.05.22.08,76184.11310398027
Guangdong,2025.05.22.12,85736.58065020254
Guangdong,2025.05.22.16,101149.56342205303
Guangdong,2025.05.22.20,95529.2980214831
Guangdong,2025.06.16.00,96729.08796283432
Guangdong,2025.06.16.04,84767.55061360697
Guangdong,2025.06.16.08,90246.45712254616
Guangdong,2025.06.16.12,105390.18092569959
Guangdong,2025.06.16.16,116265.721567613
Guangdong,2025.06.16.20,110936.9661389332
Guangdong,2025.07.22.00,103532.51577374784
Guangdong,2025.07.22.04,90691.08070110338
Guangdong,2025.07.22.08,96263.01676622566
Guangdong,2025.07.22.12,112561.62698223128
Guangdong,2025.07.22.16,122970.78195023442
Guangdong,2025.07.22.20,118085.10407828381
Guangdong,2025.08.19.00,103129.32869027203
Guangdong,2025.08.19.04,89917.32422828046
Guangdong,2025.08.19.08,97061.68327580213
Guangdong,2025.08.19.12,113176.0220372545
Guangdong,2025.08.19.16,123412.84269411881
Guangdong,2025.08.19.20,116059.39520411311
Guangdong,2025.09.20.00,96882.14436518417
Guangdong,2025.09.20.04,84352.22847044129
Guangdong,2025.09.20.08,88274.12539227698
Guangdong,2025.09.20.12,98436.86296304433
Guangdong,2025.09.20.16,113471.97760330098
Guangdong,2025.09.20.20,109578.47781906382
Guangdong,2025.10.26.00,90886.1752425058
Guangdong,2025.10.26.04,75828.02494811932
Guangdong,2025.10.26.08,78241.98088262303
Guangdong,2025.10.26.12,87748.31883421606
Guangdong,2025.10.26.16,103294.35150369641
Guangdong,2025.10.26.20,98598.89382744711
Guangdong,2025.11.19.00,85848.20686472539
Guangdong,2025.11.19.04,70508.96155018173
Guangdong,2025.11.19.08,73656.8058906433
Guangdong,2025.11.19.12,82980.52174805154
Guangdong,2025.11.19.16,95867.59002896768
Guangdong,2025.11.19.20,89973.34053993243
Guangdong,2025.12.16.00,79300.91320615647
Guangdong,2025.12.16.04,69025.93163515766
Guangdong,2025.12.16.08,72279.52317059864
Guangdong,2025.12.16.12,80182.73689349217
Guangdong,2025.12.16.16,93472.02682183433
Guangdong,2025.12.16.20,88066.07303587445
Guangxi,2025.01.22.00,24500.31461868508
Guangxi,2025.01.22.04,19815.82577425755
Guangxi,2025.01.22.08,22420.75119618997
Guangxi,2025.01.22.12,26630.85028479856
Guangxi,2025.01.22.16,28164.498160947136
Guangxi,2025.01.22.20,28116.789538161353
Guangxi,2025.02.08.00,20730.331071979537
Guangxi,2025.02.08.04,17268.076434585535
Guangxi,2025.02.08.08,19403.152554427208
Guangxi,2025.02.08.12,23401.53335384407
Guangxi,2025.02.08.16,24286.15895614287
Guangxi,2025.02.08.20,24501.77329833316
Guangxi,2025.03.21.00,22612.210075639676
Guangxi,2025.03.21.04,18784.9924432189
Guangxi,2025.03.21.08,20978.84349593179
Guangxi,2025.03.21.12,25536.818011992753
Guangxi,2025.03.21.16,26895.56681206296
Guangxi,2025.03.21.20,26484.200477489547
Guangxi,2025.04.11.00,23160.68425525706
Guangxi,2025.04.11.04,18878.74450113886
Guangxi,2025.04.11.08,21050.892016164802
Guangxi,2025.04.11.12,25407.658787855686
Guangxi,2025.04.11.16,26732.38216643534
Guangxi,2025.04.11.20,26617.225813467794
Guangxi,2025.05.22.00,24000.077098090514
Guangxi,2025.05.22.04,19687.981232824182
Guangxi,2025.05.22.08,21927.219934179586
Guangxi,2025.05.22.12,26590.662013771194
Guangxi,2025.05.22.16,27970.001351024817
Guangxi,2025.05.22.20,27935.39018059557
Guangxi,2025.06.16.00,25829.464878045466
Guangxi,2025.06.16.04,21124.539433759237
Guangxi,2025.06.16.08,23552.140401925553
Guangxi,2025.06.16.12,28723.133198537664
Guangxi,2025.06.16.16,29294.33333315447
Guangxi,2025.06.16.20,29803.797202704864
Guangxi,2025.07.22.00,27149.475266333055
Guangxi,2025.07.22.04,21853.250533259663
Guangxi,2025.07.22.08,24655.964454835692
Guangxi,2025.07.22.12,29535.97504726371
Guangxi,2025.07.22.16,29985.88299130011
Guangxi,2025.07.22.20,30198.183094727356
Guangxi,2025.08.19.00,28650.339348710666
Guangxi,2025.08.19.04,23131.690495413197
Guangxi,2025.08.19.08,25786.335927919008
Guangxi,2025.08.19.12,31300.595568303277
Guangxi,2025.08.19.16,32659.431307117076
Guangxi,2025.08.19.20,32218.716776176665
Guangxi,2025.09.20.00,27354.562139926355
Guangxi,2025.09.20.04,22590.040328565367
Guangxi,2025.09.20.08,25373.927009999683
Guangxi,2025.09.20.12,30567.28942705808
Guangxi,2025.09.20.16,31918.7346048212
Guangxi,2025.09.20.20,32053.138577852063
Guangxi,2025.10.26.00,25654.311879104156
Guangxi,2025.10.26.04,21094.26573641109
Guangxi,2025.10.26.08,23756.421780097044
Guangxi,2025.10.26.12,28809.425270111158
Guangxi,2025.10.26.16,30057.36041477526
Guangxi,2025.10.26.20,29930.77537768881
Guangxi,2025.11.19.00,25669.316563531556
Guangxi,2025.11.19.04,21652.9616603774
Guangxi,2025.11.19.08,24323.65851482485
Guangxi,2025.11.19.12,29062.094977904864
Guangxi,2025.11.19.16,30693.669357415984
Guangxi,2025.11.19.20,30553.578549309612
Guangxi,2025.12.16.00,27759.353178883583
Guangxi,2025.12.16.04,23259.535036846566
Guangxi,2025.12.16.08,26046.543206434144
Guangxi,2025.12.16.12,31328.155680319996
Guangxi,2025.12.16.16,32918.916457947416
Guangxi,2025.12.16.20,32833.15478390085
Guizhou,2025.01.22.00,18866.36709932492
Guizhou,2025.01.22.04,17078.48802019356
Guizhou,2025.01.22.08,22624.484720314995
Guizhou,2025.01.22.12,25887.515077961987
Guizhou,2025.01.22.16,25153.57390875027
Guizhou,2025.01.22.20,26508.564559138966
Guizhou,2025.02.08.00,18097.745112804223
Guizhou,2025.02.08.04,16403.888967758077
Guizhou,2025.02.08.08,21723.59172843115
Guizhou,2025.02.08.12,24932.389497791555
Guizhou,2025.02.08.16,24203.905979205283
Guizhou,2025.02.08.20,25173.726121051426
Guizhou,2025.03.21.00,19872.22591023992
Guizhou,2025.03.21.04,16921.3496496396
Guizhou,2025.03.21.08,22259.531507748998
Guizhou,2025.03.21.12,25546.299944038015
Guizhou,2025.03.21.16,24137.949571773315
Guizhou,2025.03.21.20,25266.745414095567
Guizhou,2025.04.11.00,18060.374193240106
Guizhou,2025.04.11.04,15484.618391527878
Guizhou,2025.04.11.08,20465.412689504436
Guizhou,2025.04.11.12,23470.84630672925
Guizhou,2025.04.11.16,21821.85977987814
Guizhou,2025.04.11.20,23988.101952039073
Guizhou,2025.05.22.00,17989.68076715529
Guizhou,2025.05.22.04,15740.66527984731
Guizhou,2025.05.22.08,20774.48367161056
Guizhou,2025.05.22.12,23949.26604229863
Guizhou,2025.05.22.16,22150.48684054794
Guizhou,2025.05.22.20,24384.758731444774
Guizhou,2025.06.16.00,18976.575171388242
Guizhou,2025.06.16.04,16265.354122508872
Guizhou,2025.06.16.08,21441.362265653963
Guizhou,2025.06.16.12,24576.41204826684
Guizhou,2025.06.16.16,22864.6222470302
Guizhou,2025.06.16.20,25197.584022492927
Guizhou,2025.07.22.00,16826.39428076405
Guizhou,2025.07.22.04,14654.693190060401
Guizhou,2025.07.22.08,19346.12060225829
Guizhou,2025.07.22.12,22132.89899991373
Guizhou,2025.07.22.16,21671.455090110667
Guizhou,2025.07.22.20,21755.33913543749
Guizhou,2025.08.19.00,17722.975350043907
Guizhou,2025.08.19.04,15284.319743422599
Guizhou,2025.08.19.08,20065.565443430307
Guizhou,2025.08.19.12,23043.101746352906
Guizhou,2025.08.19.16,21855.469064245786
Guizhou,2025.08.19.20,22730.729395104965
Guizhou,2025.09.20.00,17642.80294442112
Guizhou,2025.09.20.04,15484.618391527878
Guizhou,2025.09.20.08,20407.034973263675
Guizhou,2025.09.20.12,23274.18686090032
Guizhou,2025.09.20.16,22065.414355542016
Guizhou,2025.09.20.20,23988.101952039073
Guizhou,2025.10.26.00,17863.55667432239
Guizhou,2025.10.26.04,15158.394143591766
Guizhou,2025.10.26.08,19927.95017850602
Guizhou,2025.10.26.12,22970.63665340961
Guizhou,2025.10.26.16,21557.75857509776
Guizhou,2025.10.26.20,22535.65089521975
Guizhou,2025.11.19.00,19718.426119325028
Guizhou,2025.11.19.04,17353.69300423221
Guizhou,2025.11.19.08,22866.465909382052
Guizhou,2025.11.19.12,26204.85038329768
Guizhou,2025.11.19.16,24379.541558165685
Guizhou,2025.11.19.20,27433.13651163221
Guizhou,2025.12.16.00,25332.02034133972
Guizhou,2025.12.16.04,22036.93225926146
Guizhou,2025.12.16.08,29142.933920486907
Guizhou,2025.12.16.12,33500.6220032151
Guizhou,2025.12.16.16,31050.39886517835
Guizhou,2025.12.16.20,34138.66356787783
Hainan,2025.01.22.00,4488.156791547804
Hainan,2025.01.22.04,3694.6749465630737
Hainan,2025.01.22.08,3798.181762652134
Hainan,2025.01.22.12,4105.053034397445
Hainan,2025.01.22.16,4357.159897290345
Hainan,2025.01.22.20,4488.397583937371
Hainan,2025.02.08.00,3899.0618803659468
Hainan,2025.02.08.04,3459.8060019320383
Hainan,2025.02.08.08,3558.334747850743
Hainan,2025.02.08.12,3512.378735893545
Hainan,2025.02.08.16,4692.1967558834995
Hainan,2025.02.08.20,3876.8036180689037
Hainan,2025.03.21.00,4536.813237216042
Hainan,2025.03.21.04,4054.0847851745834
Hainan,2025.03.21.08,4178.85197279765
Hainan,2025.03.21.12,4361.0970379419505
Hainan,2025.03.21.16,4984.291489387562
Hainan,2025.03.21.20,4627.93412229941
Hainan,2025.04.11.00,5045.7615531196
Hainan,2025.04.11.04,4409.493634637825
Hainan,2025.04.11.08,4445.3252236827075
Hainan,2025.04.11.12,4617.181320442309
Hainan,2025.04.11.16,5365.87566198033
Hainan,2025.04.11.20,5430.656116819025
Hainan,2025.05.22.00,5675.1113702092225
Hainan,2025.05.22.04,4625.939770827351
Hainan,2025.05.22.08,4552.796143586217
Hainan,2025.05.22.12,4826.586786496878
Hainan,2025.05.22.16,5573.9747296428495
Hainan,2025.05.22.20,5222.849873609939
Hainan,2025.06.16.00,6204.249285799451
Hainan,2025.06.16.04,5073.892597828121
Hainan,2025.06.16.08,5123.882339139821
Hainan,2025.06.16.12,5411.271332085354
Hainan,2025.06.16.16,5760.679672625523
Hainan,2025.06.16.20,6204.249285799451
Hainan,2025.07.22.00,5742.781882697441
Hainan,2025.07.22.04,5054.830727266273
Hainan,2025.07.22.08,5132.85502021948
Hainan,2025.07.22.12,5624.498695861507
Hainan,2025.07.22.16,6098.467829763953
Hainan,2025.07.22.20,6164.136295112176
Hainan,2025.08.19.00,5286.087666634007
Hainan,2025.08.19.04,4625.939770827351
Hainan,2025.08.19.08,4729.370139981852
Hainan,2025.08.19.12,5248.235259443023
Hainan,2025.08.19.16,5442.137013813054
Hainan,2025.08.19.20,5611.227599707111
Hainan,2025.09.20.00,5293.825185040726
Hainan,2025.09.20.04,4431.874775081331
Hainan,2025.09.20.08,4449.013183415196
Hainan,2025.09.20.12,4619.744739660894
Hainan,2025.09.20.16,5607.039039061112
Hainan,2025.09.20.20,5142.031240564149
Hainan,2025.10.26.00,5076.802092275242
Hainan,2025.10.26.04,4266.529932215841
Hainan,2025.10.26.08,4360.977666774045
Hainan,2025.10.26.12,4488.5374867890505
Hainan,2025.10.26.16,5199.281832733293
Hainan,2025.10.26.20,5283.545661246252
Hainan,2025.11.19.00,4637.394068787684
Hainan,2025.11.19.04,4039.788457666706
Hainan,2025.11.19.08,4089.3369394358715
Hainan,2025.11.19.12,4273.557247455139
Hainan,2025.11.19.16,4782.43300277721
Hainan,2025.11.19.20,4913.697176961152
Hainan,2025.12.16.00,4744.894817204724
Hainan,2025.12.16.04,4054.0847851745834
Hainan,2025.12.16.08,4106.925350960269
Hainan,2025.12.16.12,4354.881678561451
Hainan,2025.12.16.16,4635.614292423904
Hainan,2025.12.16.20,4931.308943187202
Yunnan,2025.01.22.00,22010.55224963168
Yunnan,2025.01.22.04,20415.13827451109
Yunnan,2025.01.22.08,24402.624543772334
Yunnan,2025.01.22.12,27103.869915043935
Yunnan,2025.01.22.16,27226.340047246274
Yunnan,2025.01.22.20,27179.968324427562
Yunnan,2025.02.08.00,15191.08561001943
Yunnan,2025.02.08.04,14190.379961790813
Yunnan,2025.02.08.08,16906.639122774763
Yunnan,2025.02.08.12,18406.785781718376
Yunnan,2025.02.08.16,19249.57798849388
Yunnan,2025.02.08.20,18960.121059937064
Yunnan,2025.03.21.00,20320.09258916584
Yunnan,2025.03.21.04,18405.260143791027
Yunnan,2025.03.21.08,21806.122149091345
Yunnan,2025.03.21.12,24481.04991633369
Yunnan,2025.03.21.16,23644.55688412518
Yunnan,2025.03.21.20,25052.70090549945
Yunnan,2025.04.11.00,20644.511495861603
Yunnan,2025.04.11.04,18822.796960786272
Yunnan,2025.04.11.08,22338.49703517318
Yunnan,2025.04.11.12,25111.1707098829
Yunnan,2025.04.11.16,24070.32694041584
Yunnan,2025.04.11.20,25505.71025781299
Yunnan,2025.05.22.00,20502.720412670948
Yunnan,2025.05.22.04,18477.705082139917
Yunnan,2025.05.22.08,21842.819105250903
Yunnan,2025.05.22.12,24579.251748589446
Yunnan,2025.05.22.16,23557.489975317425
Yunnan,2025.05.22.20,25038.095721704754
Yunnan,2025.06.16.00,21421.92546449166
Yunnan,2025.06.16.04,19877.856536772757
Yunnan,2025.06.16.08,23709.78983228427
Yunnan,2025.06.16.12,26984.030863655127
Yunnan,2025.06.16.16,27094.722187833053
Yunnan,2025.06.16.20,26451.911345122808
Yunnan,2025.07.22.00,22396.56502471088
Yunnan,2025.07.22.04,20502.02110450053
Yunnan,2025.07.22.08,24520.932991248577
Yunnan,2025.07.22.12,27600.45717493834
Yunnan,2025.07.22.16,26988.83152488758
Yunnan,2025.07.22.20,27179.968324427562
Yunnan,2025.08.19.00,24004.895274383776
Yunnan,2025.08.19.04,21360.751403115522
Yunnan,2025.08.19.08,25426.41937441035
Yunnan,2025.08.19.12,28355.173133827775
Yunnan,2025.08.19.16,27267.225372857763
Yunnan,2025.08.19.20,28944.749141802222
Yunnan,2025.09.20.00,25236.17438649626
Yunnan,2025.09.20.04,22479.022972440656
Yunnan,2025.09.20.08,26843.940492248894
Yunnan,2025.09.20.12,30170.040173818485
Yunnan,2025.09.20.16,28889.956437433797
Yunnan,2025.09.20.20,30460.055857173924
Yunnan,2025.10.26.00,24212.556213676275
Yunnan,2025.10.26.04,21884.941643292823
Yunnan,2025.10.26.08,26019.832221401586
Yunnan,2025.10.26.12,29221.905697602437
Yunnan,2025.10.26.16,28163.042773779736
Yunnan,2025.10.26.20,29655.049763638126
Yunnan,2025.11.19.00,25098.236681277565
Yunnan,2025.11.19.04,22537.626478248472
Yunnan,2025.11.19.08,26872.4966284263
Yunnan,2025.11.19.12,30392.915161780475
Yunnan,2025.11.19.16,28924.371313716794
Yunnan,2025.11.19.20,30460.055857173924
Yunnan,2025.12.16.00,24741.33830825236
Yunnan,2025.12.16.04,22540.178559402113
Yunnan,2025.12.16.08,26932.098113490287
Yunnan,2025.12.16.12,30246.20455409219
Yunnan,2025.12.16.16,28806.458430726405
Yunnan,2025.12.16.20,30684.480280786905
Tibet,2025.01.22.00,804.2787554053434
Tibet,2025.01.22.04,0.0766205000000042
Tibet,2025.01.22.08,1413.2416710312662
Tibet,2025.01.22.12,1848.8325587369482
Tibet,2025.01.22.16,14.075681239999994
Tibet,2025.01.22.20,1848.8325587369482
Tibet,2025.02.08.00,1838.524104535348
Tibet,2025.02.08.04,1.7565600000001287
Tibet,2025.02.08.08,554.4236579187698
Tibet,2025.02.08.12,1064.0293360354885
Tibet,2025.02.08.16,606.6737675288139
Tibet,2025.02.08.20,31.74519058
Tibet,2025.03.21.00,584.2254338127932
Tibet,2025.03.21.04,1.7565600000000012
Tibet,2025.03.21.08,1419.6130669915879
Tibet,2025.03.21.12,0.0
Tibet,2025.03.21.16,1833.535848030289
Tibet,2025.03.21.20,675.4058066090124
Tibet,2025.04.11.00,1680.6211902103748
Tibet,2025.04.11.04,1.7565600000000516
Tibet,2025.04.11.08,617.9172433142554
Tibet,2025.04.11.12,1514.581306660164
Tibet,2025.04.11.16,13.158089109999992
Tibet,2025.04.11.20,732.1230088494932
Tibet,2025.05.22.00,1418.21888288889
Tibet,2025.05.22.04,1.7565600000000006
Tibet,2025.05.22.08,595.4827637412307
Tibet,2025.05.22.12,1649.0361921793838
Tibet,2025.05.22.16,8.917056199999994
Tibet,2025.05.22.20,736.5517748481548
Tibet,2025.06.16.00,1651.6143243860288
Tibet,2025.06.16.04,1.7565600000000006
Tibet,2025.06.16.08,616.3236305778948
Tibet,2025.06.16.12,693.058963835784
Tibet,2025.06.16.16,1595.1406845896686
Tibet,2025.06.16.20,30.662435228000003
Tibet,2025.07.22.00,0.0
Tibet,2025.07.22.04,495.363367933961
Tibet,2025.07.22.08,601.214833822188
Tibet,2025.07.22.12,1848.8325587369482
Tibet,2025.07.22.16,0.0
Tibet,2025.07.22.20,1627.4542148903602
Tibet,2025.08.19.00,23.977044000000088
Tibet,2025.08.19.04,1533.3742612490273
Tibet,2025.08.19.08,0.0
Tibet,2025.08.19.12,1848.8325587369482
Tibet,2025.08.19.16,1212.493133713149
Tibet,2025.08.19.20,197.21183508108004
Tibet,2025.09.20.00,624.5550720621003
Tibet,2025.09.20.04,0.0
Tibet,2025.09.20.08,1842.9917288889383
Tibet,2025.09.20.12,0.0
Tibet,2025.09.20.16,646.4475275117195
Tibet,2025.09.20.20,1568.700190397146
Tibet,2025.10.26.00,1417.432318368422
Tibet,2025.10.26.04,1415.5555555555566
Tibet,2025.10.26.08,837.0160934254479
Tibet,2025.10.26.12,0.0
Tibet,2025.10.26.16,1760.2127547791954
Tibet,2025.10.26.20,0.0
Tibet,2025.11.19.00,0.0
Tibet,2025.11.19.04,1239.0286608244623
Tibet,2025.11.19.08,723.0576603821697
Tibet,2025.11.19.12,1649.0002474857638
Tibet,2025.11.19.16,15.579451800000006
Tibet,2025.11.19.20,1848.8325587369463
Tibet,2025.12.16.00,1848.8325587369477
Tibet,2025.12.16.04,0.0
Tibet,2025.12.16.08,1848.832558736948
Tibet,2025.12.16.12,1848.832558736948
Tibet,2025.12.16.16,41.1335485
Tibet,2025.12.16.20,1848.832558736948
