ELECRRIC_VEHICLE_TIMEPOINTS_1,ELECRRIC_VEHICLE_TIMEPOINTS_2,ChargingPower
Chongqing-Ev,2025.01.22.00,5.817410526315741
Chongqing-Ev,2025.01.22.04,71.84502
Chongqing-Ev,2025.01.22.08,0.0
Chongqing-Ev,2025.01.22.12,260.4381975
Chongqing-Ev,2025.01.22.16,85.11598776315813
Chongqing-Ev,2025.01.22.20,47.12102526315795
Chongqing-Ev,2025.02.08.00,177.85278331578934
Chongqing-Ev,2025.02.08.04,71.84502
Chongqing-Ev,2025.02.08.08,1.7961255
Chongqing-Ev,2025.02.08.12,260.4381975
Chongqing-Ev,2025.02.08.16,0.0
Chongqing-Ev,2025.02.08.20,0.0
Chongqing-Ev,2025.03.21.00,0.0
Chongqing-Ev,2025.03.21.04,0.0
Chongqing-Ev,2025.03.21.08,0.0
Chongqing-Ev,2025.03.21.12,0.0
Chongqing-Ev,2025.03.21.16,0.0
Chongqing-Ev,2025.03.21.20,669.2930810526314
Chongqing-Ev,2025.04.11.00,393.8386926315787
Chongqing-Ev,2025.04.11.04,71.84502
Chongqing-Ev,2025.04.11.08,0.0
Chongqing-Ev,2025.04.11.12,0.0
Chongqing-Ev,2025.04.11.16,0.0
Chongqing-Ev,2025.04.11.20,141.3630757894736
Chongqing-Ev,2025.05.22.00,361.7920323947368
Chongqing-Ev,2025.05.22.04,71.84502
Chongqing-Ev,2025.05.22.08,1.7961255
Chongqing-Ev,2025.05.22.12,260.43819750000006
Chongqing-Ev,2025.05.22.16,91.22426881578959
Chongqing-Ev,2025.05.22.20,0.0
Chongqing-Ev,2025.06.16.00,0.0
Chongqing-Ev,2025.06.16.04,71.84502
Chongqing-Ev,2025.06.16.08,1.7961255
Chongqing-Ev,2025.06.16.12,179.17624421052633
Chongqing-Ev,2025.06.16.16,159.97878947368426
Chongqing-Ev,2025.06.16.20,302.1635744999999
Chongqing-Ev,2025.07.22.00,0.0
Chongqing-Ev,2025.07.22.04,71.84502
Chongqing-Ev,2025.07.22.08,1.7961255
Chongqing-Ev,2025.07.22.12,260.4381975
Chongqing-Ev,2025.07.22.16,98.89697376970071
Chongqing-Ev,2025.07.22.20,561.0475977747597
Chongqing-Ev,2025.08.19.00,786.6214853684213
Chongqing-Ev,2025.08.19.04,71.84502
Chongqing-Ev,2025.08.19.08,1.7961255
Chongqing-Ev,2025.08.19.12,260.4381975
Chongqing-Ev,2025.08.19.16,0.0
Chongqing-Ev,2025.08.19.20,1325.5406189999999
Chongqing-Ev,2025.09.20.00,189.35481292003226
Chongqing-Ev,2025.09.20.04,71.84502
Chongqing-Ev,2025.09.20.08,1.7961255
Chongqing-Ev,2025.09.20.12,0.0
Chongqing-Ev,2025.09.20.16,319.9575789473684
Chongqing-Ev,2025.09.20.20,361.50306157996783
Chongqing-Ev,2025.10.26.00,0.0
Chongqing-Ev,2025.10.26.04,71.84502
Chongqing-Ev,2025.10.26.08,1.7961255
Chongqing-Ev,2025.10.26.12,260.4381975
Chongqing-Ev,2025.10.26.16,43.5215025000001
Chongqing-Ev,2025.10.26.20,246.0255629210525
Chongqing-Ev,2025.11.19.00,182.03404713157894
Chongqing-Ev,2025.11.19.04,71.84502
Chongqing-Ev,2025.11.19.08,1.7961255
Chongqing-Ev,2025.11.19.12,260.43819750000006
Chongqing-Ev,2025.11.19.16,123.51089723684208
Chongqing-Ev,2025.11.19.20,0.0
Chongqing-Ev,2025.12.16.00,0.0
Chongqing-Ev,2025.12.16.04,71.84502
Chongqing-Ev,2025.12.16.08,0.0
Chongqing-Ev,2025.12.16.12,70.39066736842103
Chongqing-Ev,2025.12.16.16,0.0
Chongqing-Ev,2025.12.16.20,0.0
Henan-Ev,2025.01.22.00,1091.327887447369
Henan-Ev,2025.01.22.04,217.59166
Henan-Ev,2025.01.22.08,5.439791499999999
Henan-Ev,2025.01.22.12,610.4899610526315
Henan-Ev,2025.01.22.16,1040.3876536842108
Henan-Ev,2025.01.22.20,0.0
Henan-Ev,2025.02.08.00,1146.8269748157895
Henan-Ev,2025.02.08.04,217.59166
Henan-Ev,2025.02.08.08,5.439791499999999
Henan-Ev,2025.02.08.12,610.4899610526315
Henan-Ev,2025.02.08.16,239.61510736842092
Henan-Ev,2025.02.08.20,0.0
Henan-Ev,2025.03.21.00,715.53723083347
Henan-Ev,2025.03.21.04,0.0
Henan-Ev,2025.03.21.08,5.439791499999999
Henan-Ev,2025.03.21.12,67.83221789473684
Henan-Ev,2025.03.21.16,0.0
Henan-Ev,2025.03.21.20,1398.559552403372
Henan-Ev,2025.04.11.00,1348.561752710526
Henan-Ev,2025.04.11.04,0.0
Henan-Ev,2025.04.11.08,5.439791499999999
Henan-Ev,2025.04.11.12,271.32887157894737
Henan-Ev,2025.04.11.16,581.4190105263156
Henan-Ev,2025.04.11.20,71.35596947368437
Henan-Ev,2025.05.22.00,249.1512600789476
Henan-Ev,2025.05.22.04,217.59166
Henan-Ev,2025.05.22.08,5.439791499999999
Henan-Ev,2025.05.22.12,788.7697675
Henan-Ev,2025.05.22.16,374.06825355263163
Henan-Ev,2025.05.22.20,570.8477557894739
Henan-Ev,2025.06.16.00,1006.8424432987458
Henan-Ev,2025.06.16.04,34.27198414862312
Henan-Ev,2025.06.16.08,5.439791499999999
Henan-Ev,2025.06.16.12,271.32887157894737
Henan-Ev,2025.06.16.16,872.1285157894736
Henan-Ev,2025.06.16.20,71.35596947368437
Henan-Ev,2025.07.22.00,586.7076142105261
Henan-Ev,2025.07.22.04,0.0
Henan-Ev,2025.07.22.08,0.0
Henan-Ev,2025.07.22.12,0.0
Henan-Ev,2025.07.22.16,387.6126736842104
Henan-Ev,2025.07.22.20,570.8477557894739
Henan-Ev,2025.08.19.00,889.747273684211
Henan-Ev,2025.08.19.04,0.0
Henan-Ev,2025.08.19.08,0.0
Henan-Ev,2025.08.19.12,0.0
Henan-Ev,2025.08.19.16,678.3221789473683
Henan-Ev,2025.08.19.20,570.8477557894739
Henan-Ev,2025.09.20.00,88.82056323684264
Henan-Ev,2025.09.20.04,217.59166
Henan-Ev,2025.09.20.08,5.439791499999999
Henan-Ev,2025.09.20.12,610.4899610526315
Henan-Ev,2025.09.20.16,484.5158421052632
Henan-Ev,2025.09.20.20,71.35596947368437
Henan-Ev,2025.10.26.00,95.0598388263752
Henan-Ev,2025.10.26.04,0.0
Henan-Ev,2025.10.26.08,0.0
Henan-Ev,2025.10.26.12,717.0834463157889
Henan-Ev,2025.10.26.16,0.0
Henan-Ev,2025.10.26.20,1102.1347601209964
Henan-Ev,2025.11.19.00,709.1550052631574
Henan-Ev,2025.11.19.04,217.59166
Henan-Ev,2025.11.19.08,0.0
Henan-Ev,2025.11.19.12,788.7697675
Henan-Ev,2025.11.19.16,0.0
Henan-Ev,2025.11.19.20,78.07312092105212
Henan-Ev,2025.12.16.00,463.7900757368425
Henan-Ev,2025.12.16.04,0.0
Henan-Ev,2025.12.16.08,5.439791499999999
Henan-Ev,2025.12.16.12,788.7697675
Henan-Ev,2025.12.16.16,0.0
Henan-Ev,2025.12.16.20,0.0
Hubei-Ev,2025.01.22.00,189.9571517894735
Hubei-Ev,2025.01.22.04,102.93296000000001
Hubei-Ev,2025.01.22.08,2.573324
Hubei-Ev,2025.01.22.12,373.13198
Hubei-Ev,2025.01.22.16,34.849266315789606
Hubei-Ev,2025.01.22.20,135.02137263157883
Hubei-Ev,2025.02.08.00,5.000791578947284
Hubei-Ev,2025.02.08.04,102.93296000000004
Hubei-Ev,2025.02.08.08,2.573324
Hubei-Ev,2025.02.08.12,373.13198
Hubei-Ev,2025.02.08.16,281.06532336842133
Hubei-Ev,2025.02.08.20,33.75534315789465
Hubei-Ev,2025.03.21.00,462.08356021052606
Hubei-Ev,2025.03.21.04,102.93296000000001
Hubei-Ev,2025.03.21.08,2.573324
Hubei-Ev,2025.03.21.12,373.13198000000006
Hubei-Ev,2025.03.21.16,121.94638631578934
Hubei-Ev,2025.03.21.20,67.51068631578954
Hubei-Ev,2025.04.11.00,161.6193328421054
Hubei-Ev,2025.04.11.04,0.0
Hubei-Ev,2025.04.11.08,2.573324
Hubei-Ev,2025.04.11.12,373.13198
Hubei-Ev,2025.04.11.16,448.6647694736841
Hubei-Ev,2025.04.11.20,0.0
Hubei-Ev,2025.05.22.00,532.5113749473687
Hubei-Ev,2025.05.22.04,102.93296000000001
Hubei-Ev,2025.05.22.08,2.573324
Hubei-Ev,2025.05.22.12,373.13198
Hubei-Ev,2025.05.22.16,404.49111052631565
Hubei-Ev,2025.05.22.20,0.0
Hubei-Ev,2025.06.16.00,0.0
Hubei-Ev,2025.06.16.04,102.93296000000001
Hubei-Ev,2025.06.16.08,2.573324
Hubei-Ev,2025.06.16.12,373.13198
Hubei-Ev,2025.06.16.16,0.0
Hubei-Ev,2025.06.16.20,849.9053654736842
Hubei-Ev,2025.07.22.00,1135.9756949473683
Hubei-Ev,2025.07.22.04,102.93296000000001
Hubei-Ev,2025.07.22.08,2.573324
Hubei-Ev,2025.07.22.12,0.0
Hubei-Ev,2025.07.22.16,0.0
Hubei-Ev,2025.07.22.20,0.0
Hubei-Ev,2025.08.19.00,549.6358586336842
Hubei-Ev,2025.08.19.04,102.93296000000001
Hubei-Ev,2025.08.19.08,2.573324
Hubei-Ev,2025.08.19.12,0.0
Hubei-Ev,2025.08.19.16,0.0
Hubei-Ev,2025.08.19.20,0.0
Hubei-Ev,2025.09.20.00,630.2872686315791
Hubei-Ev,2025.09.20.04,102.93296000000001
Hubei-Ev,2025.09.20.08,2.573324
Hubei-Ev,2025.09.20.12,373.13198000000006
Hubei-Ev,2025.09.20.16,0.0
Hubei-Ev,2025.09.20.20,0.0
Hubei-Ev,2025.10.26.00,695.0371012631578
Hubei-Ev,2025.10.26.04,0.0
Hubei-Ev,2025.10.26.08,2.573324
Hubei-Ev,2025.10.26.12,366.72471578947375
Hubei-Ev,2025.10.26.16,0.0
Hubei-Ev,2025.10.26.20,0.0
Hubei-Ev,2025.11.19.00,250.800116
Hubei-Ev,2025.11.19.04,102.93296000000001
Hubei-Ev,2025.11.19.08,2.573324
Hubei-Ev,2025.11.19.12,224.61888842105267
Hubei-Ev,2025.11.19.16,137.5217684210527
Hubei-Ev,2025.11.19.20,0.0
Hubei-Ev,2025.12.16.00,0.0
Hubei-Ev,2025.12.16.04,102.93296000000001
Hubei-Ev,2025.12.16.08,2.573324
Hubei-Ev,2025.12.16.12,0.0
Hubei-Ev,2025.12.16.16,137.5217684210527
Hubei-Ev,2025.12.16.20,723.791652842105
Hunan-Ev,2025.01.22.00,6.113532631578844
Hunan-Ev,2025.01.22.04,5.731436842105196
Hunan-Ev,2025.01.22.08,0.0
Hunan-Ev,2025.01.22.12,342.11901750000004
Hunan-Ev,2025.01.22.16,421.3083698684211
Hunan-Ev,2025.01.22.20,0.0
Hunan-Ev,2025.02.08.00,0.0
Hunan-Ev,2025.02.08.04,84.42379561772123
Hunan-Ev,2025.02.08.08,0.0
Hunan-Ev,2025.02.08.12,117.68550315789477
Hunan-Ev,2025.02.08.16,568.577908592805
Hunan-Ev,2025.02.08.20,0.0
Hunan-Ev,2025.03.21.00,0.0
Hunan-Ev,2025.03.21.04,9.170298947368504
Hunan-Ev,2025.03.21.08,0.0
Hunan-Ev,2025.03.21.12,147.10687894736827
Hunan-Ev,2025.03.21.16,531.1131473684212
Hunan-Ev,2025.03.21.20,0.0
Hunan-Ev,2025.04.11.00,549.7689742894738
Hunan-Ev,2025.04.11.04,94.37766
Hunan-Ev,2025.04.11.08,2.3594415
Hunan-Ev,2025.04.11.12,235.37100631578954
Hunan-Ev,2025.04.11.16,729.8029578947368
Hunan-Ev,2025.04.11.20,0.0
Hunan-Ev,2025.05.22.00,356.8106006052633
Hunan-Ev,2025.05.22.04,94.37766
Hunan-Ev,2025.05.22.08,2.3594415
Hunan-Ev,2025.05.22.12,199.75433676770217
Hunan-Ev,2025.05.22.16,356.57713270598197
Hunan-Ev,2025.05.22.20,0.0
Hunan-Ev,2025.06.16.00,411.4502985000002
Hunan-Ev,2025.06.16.04,94.37766
Hunan-Ev,2025.06.16.08,2.3594415
Hunan-Ev,2025.06.16.12,342.11901750000004
Hunan-Ev,2025.06.16.16,416.72322039473687
Hunan-Ev,2025.06.16.20,0.0
Hunan-Ev,2025.07.22.00,680.369315131579
Hunan-Ev,2025.07.22.04,0.0
Hunan-Ev,2025.07.22.08,0.0
Hunan-Ev,2025.07.22.12,342.11901750000004
Hunan-Ev,2025.07.22.16,0.0
Hunan-Ev,2025.07.22.20,0.0
Hunan-Ev,2025.08.19.00,241.79976797368425
Hunan-Ev,2025.08.19.04,94.37766
Hunan-Ev,2025.08.19.08,2.3594415
Hunan-Ev,2025.08.19.12,196.9140760434256
Hunan-Ev,2025.08.19.16,2300.8612481671007
Hunan-Ev,2025.08.19.20,0.0
Hunan-Ev,2025.09.20.00,0.0
Hunan-Ev,2025.09.20.04,0.0
Hunan-Ev,2025.09.20.08,0.0
Hunan-Ev,2025.09.20.12,264.7923821052632
Hunan-Ev,2025.09.20.16,915.5015115789472
Hunan-Ev,2025.09.20.20,0.0
Hunan-Ev,2025.10.26.00,453.1656063157894
Hunan-Ev,2025.10.26.04,0.0
Hunan-Ev,2025.10.26.08,0.0
Hunan-Ev,2025.10.26.12,205.9496305263158
Hunan-Ev,2025.10.26.16,0.0
Hunan-Ev,2025.10.26.20,0.0
Hunan-Ev,2025.11.19.00,0.0
Hunan-Ev,2025.11.19.04,94.37766
Hunan-Ev,2025.11.19.08,2.3594415
Hunan-Ev,2025.11.19.12,229.57270271052636
Hunan-Ev,2025.11.19.16,0.0
Hunan-Ev,2025.11.19.20,0.0
Hunan-Ev,2025.12.16.00,544.8017290263157
Hunan-Ev,2025.12.16.04,94.37766
Hunan-Ev,2025.12.16.08,2.3594415
Hunan-Ev,2025.12.16.12,264.7923821052632
Hunan-Ev,2025.12.16.16,252.18322105263147
Hunan-Ev,2025.12.16.20,61.899517894736924
Jiangxi-Ev,2025.01.22.00,248.95184000000006
Jiangxi-Ev,2025.01.22.04,0.0
Jiangxi-Ev,2025.01.22.08,0.0
Jiangxi-Ev,2025.01.22.12,76.37167999999998
Jiangxi-Ev,2025.01.22.16,245.48040000000006
Jiangxi-Ev,2025.01.22.20,20.08475999999997
Jiangxi-Ev,2025.02.08.00,65.91396700000008
Jiangxi-Ev,2025.02.08.04,61.24612
Jiangxi-Ev,2025.02.08.08,1.531153
Jiangxi-Ev,2025.02.08.12,95.4646
Jiangxi-Ev,2025.02.08.16,189.44144000000003
Jiangxi-Ev,2025.02.08.20,0.0
Jiangxi-Ev,2025.03.21.00,149.72444700000008
Jiangxi-Ev,2025.03.21.04,61.24612
Jiangxi-Ev,2025.03.21.08,1.531153
Jiangxi-Ev,2025.03.21.12,222.01718499999998
Jiangxi-Ev,2025.03.21.16,69.83173499999997
Jiangxi-Ev,2025.03.21.20,60.25428000000003
Jiangxi-Ev,2025.04.11.00,3.967360000000027
Jiangxi-Ev,2025.04.11.04,46.07716700000008
Jiangxi-Ev,2025.04.11.08,1.531153
Jiangxi-Ev,2025.04.11.12,38.18584000000005
Jiangxi-Ev,2025.04.11.16,0.0
Jiangxi-Ev,2025.04.11.20,100.42379999999997
Jiangxi-Ev,2025.05.22.00,198.20777693833952
Jiangxi-Ev,2025.05.22.04,61.24612
Jiangxi-Ev,2025.05.22.08,1.531153
Jiangxi-Ev,2025.05.22.12,222.01718499999998
Jiangxi-Ev,2025.05.22.16,259.65311348271314
Jiangxi-Ev,2025.05.22.20,0.0
Jiangxi-Ev,2025.06.16.00,0.0
Jiangxi-Ev,2025.06.16.04,61.24612
Jiangxi-Ev,2025.06.16.08,1.531153
Jiangxi-Ev,2025.06.16.12,222.01718499999998
Jiangxi-Ev,2025.06.16.16,562.5112177894734
Jiangxi-Ev,2025.06.16.20,0.0
Jiangxi-Ev,2025.07.22.00,74.09664700000002
Jiangxi-Ev,2025.07.22.04,61.24612
Jiangxi-Ev,2025.07.22.08,1.531153
Jiangxi-Ev,2025.07.22.12,0.0
Jiangxi-Ev,2025.07.22.16,218.20480000000003
Jiangxi-Ev,2025.07.22.20,40.16951999999994
Jiangxi-Ev,2025.08.19.00,332.17341499999986
Jiangxi-Ev,2025.08.19.04,0.0
Jiangxi-Ev,2025.08.19.08,0.0
Jiangxi-Ev,2025.08.19.12,222.01718499999998
Jiangxi-Ev,2025.08.19.16,0.0
Jiangxi-Ev,2025.08.19.20,0.0
Jiangxi-Ev,2025.09.20.00,296.91970199999986
Jiangxi-Ev,2025.09.20.04,0.0
Jiangxi-Ev,2025.09.20.08,1.531153
Jiangxi-Ev,2025.09.20.12,222.01718499999998
Jiangxi-Ev,2025.09.20.16,0.0
Jiangxi-Ev,2025.09.20.20,0.0
Jiangxi-Ev,2025.10.26.00,0.0
Jiangxi-Ev,2025.10.26.04,0.0
Jiangxi-Ev,2025.10.26.08,1.531153
Jiangxi-Ev,2025.10.26.12,222.01718499999998
Jiangxi-Ev,2025.10.26.16,0.0
Jiangxi-Ev,2025.10.26.20,166.24478200000016
Jiangxi-Ev,2025.11.19.00,262.5896399999999
Jiangxi-Ev,2025.11.19.04,0.0
Jiangxi-Ev,2025.11.19.08,0.0
Jiangxi-Ev,2025.11.19.12,0.0
Jiangxi-Ev,2025.11.19.16,136.37799999999993
Jiangxi-Ev,2025.11.19.20,200.84759999999994
Jiangxi-Ev,2025.12.16.00,190.4619296246965
Jiangxi-Ev,2025.12.16.04,0.0
Jiangxi-Ev,2025.12.16.08,1.531153
Jiangxi-Ev,2025.12.16.12,222.01718499999998
Jiangxi-Ev,2025.12.16.16,0.0
Jiangxi-Ev,2025.12.16.20,111.91289237530339
Sichuan-Ev,2025.01.22.00,0.0
Sichuan-Ev,2025.01.22.04,0.0
Sichuan-Ev,2025.01.22.08,0.0
Sichuan-Ev,2025.01.22.12,0.0
Sichuan-Ev,2025.01.22.16,0.0
Sichuan-Ev,2025.01.22.20,1837.6691768421056
Sichuan-Ev,2025.02.08.00,0.0
Sichuan-Ev,2025.02.08.04,0.0
Sichuan-Ev,2025.02.08.08,0.0
Sichuan-Ev,2025.02.08.12,0.0
Sichuan-Ev,2025.02.08.16,1664.6456242105262
Sichuan-Ev,2025.02.08.20,0.0
Sichuan-Ev,2025.03.21.00,0.0
Sichuan-Ev,2025.03.21.04,0.0
Sichuan-Ev,2025.03.21.08,0.0
Sichuan-Ev,2025.03.21.12,0.0
Sichuan-Ev,2025.03.21.16,0.0
Sichuan-Ev,2025.03.21.20,2614.158729
Sichuan-Ev,2025.04.11.00,0.0
Sichuan-Ev,2025.04.11.04,0.0
Sichuan-Ev,2025.04.11.08,0.0
Sichuan-Ev,2025.04.11.12,0.0
Sichuan-Ev,2025.04.11.16,1337.726025263158
Sichuan-Ev,2025.04.11.20,0.0
Sichuan-Ev,2025.05.22.00,61.27898055263157
Sichuan-Ev,2025.05.22.04,141.68882000000002
Sichuan-Ev,2025.05.22.08,3.5422205
Sichuan-Ev,2025.05.22.12,309.19139263157876
Sichuan-Ev,2025.05.22.16,441.7019894736842
Sichuan-Ev,2025.05.22.20,371.71803789473677
Sichuan-Ev,2025.06.16.00,0.0
Sichuan-Ev,2025.06.16.04,0.0
Sichuan-Ev,2025.06.16.08,0.0
Sichuan-Ev,2025.06.16.12,397.53179052631583
Sichuan-Ev,2025.06.16.16,315.5014210526317
Sichuan-Ev,2025.06.16.20,993.5426568421046
Sichuan-Ev,2025.07.22.00,1610.3409017368429
Sichuan-Ev,2025.07.22.04,141.68882000000002
Sichuan-Ev,2025.07.22.08,3.5422205
Sichuan-Ev,2025.07.22.12,513.6219725
Sichuan-Ev,2025.07.22.16,0.0
Sichuan-Ev,2025.07.22.20,0.0
Sichuan-Ev,2025.08.19.00,259.2848042105263
Sichuan-Ev,2025.08.19.04,141.68882000000002
Sichuan-Ev,2025.08.19.08,0.0
Sichuan-Ev,2025.08.19.12,44.1701989473684
Sichuan-Ev,2025.08.19.16,0.0
Sichuan-Ev,2025.08.19.20,92.92950947368425
Sichuan-Ev,2025.09.20.00,0.0
Sichuan-Ev,2025.09.20.04,0.0
Sichuan-Ev,2025.09.20.08,0.0
Sichuan-Ev,2025.09.20.12,0.0
Sichuan-Ev,2025.09.20.16,0.0
Sichuan-Ev,2025.09.20.20,929.8687336842104
Sichuan-Ev,2025.10.26.00,0.0
Sichuan-Ev,2025.10.26.04,141.68882000000002
Sichuan-Ev,2025.10.26.08,3.5422205
Sichuan-Ev,2025.10.26.12,265.02119368421063
Sichuan-Ev,2025.10.26.16,1366.30758581579
Sichuan-Ev,2025.10.26.20,0.0
Sichuan-Ev,2025.11.19.00,0.0
Sichuan-Ev,2025.11.19.04,141.68882000000002
Sichuan-Ev,2025.11.19.08,0.0
Sichuan-Ev,2025.11.19.12,513.6219725
Sichuan-Ev,2025.11.19.16,218.34132434210505
Sichuan-Ev,2025.11.19.20,720.4905178947372
Sichuan-Ev,2025.12.16.00,1503.4072942368416
Sichuan-Ev,2025.12.16.04,141.68882000000002
Sichuan-Ev,2025.12.16.08,3.5422205
Sichuan-Ev,2025.12.16.12,0.0
Sichuan-Ev,2025.12.16.16,0.0
Sichuan-Ev,2025.12.16.20,0.0
Anhui-Ev,2025.01.22.00,0.0
Anhui-Ev,2025.01.22.04,106.67773999999999
Anhui-Ev,2025.01.22.08,2.6669435000000004
Anhui-Ev,2025.01.22.12,386.70680749999997
Anhui-Ev,2025.01.22.16,131.13371986842094
Anhui-Ev,2025.01.22.20,754.0107912368424
Anhui-Ev,2025.02.08.00,265.1071407105265
Anhui-Ev,2025.02.08.04,106.67773999999999
Anhui-Ev,2025.02.08.08,2.6669435000000004
Anhui-Ev,2025.02.08.12,340.5066042612998
Anhui-Ev,2025.02.08.16,0.0
Anhui-Ev,2025.02.08.20,166.96847468606848
Anhui-Ev,2025.03.21.00,545.4061417631577
Anhui-Ev,2025.03.21.04,106.67773999999999
Anhui-Ev,2025.03.21.08,2.6669435000000004
Anhui-Ev,2025.03.21.12,166.27906842105259
Anhui-Ev,2025.03.21.16,367.5415252631577
Anhui-Ev,2025.03.21.20,0.0
Anhui-Ev,2025.04.11.00,152.38288913057386
Anhui-Ev,2025.04.11.04,0.0
Anhui-Ev,2025.04.11.08,2.6669435000000004
Anhui-Ev,2025.04.11.12,199.53488210527115
Anhui-Ev,2025.04.11.16,34.983388422049934
Anhui-Ev,2025.04.11.20,0.0
Anhui-Ev,2025.05.22.00,280.52882268421064
Anhui-Ev,2025.05.22.04,0.0
Anhui-Ev,2025.05.22.08,2.6669435000000004
Anhui-Ev,2025.05.22.12,386.70680749999997
Anhui-Ev,2025.05.22.16,0.0
Anhui-Ev,2025.05.22.20,0.0
Anhui-Ev,2025.06.16.00,126.03737439473709
Anhui-Ev,2025.06.16.04,106.67773999999999
Anhui-Ev,2025.06.16.08,2.6669435000000004
Anhui-Ev,2025.06.16.12,386.70680749999997
Anhui-Ev,2025.06.16.16,287.91112723684216
Anhui-Ev,2025.06.16.20,69.96677684210538
Anhui-Ev,2025.07.22.00,0.0
Anhui-Ev,2025.07.22.04,106.67773999999999
Anhui-Ev,2025.07.22.08,2.6669435000000004
Anhui-Ev,2025.07.22.12,299.30232315789476
Anhui-Ev,2025.07.22.16,475.0830526315789
Anhui-Ev,2025.07.22.20,440.4671838684212
Anhui-Ev,2025.08.19.00,120.42275650000006
Anhui-Ev,2025.08.19.04,106.67773999999999
Anhui-Ev,2025.08.19.08,2.6669435000000004
Anhui-Ev,2025.08.19.12,133.02325473684218
Anhui-Ev,2025.08.19.16,504.8837168421053
Anhui-Ev,2025.08.19.20,0.0
Anhui-Ev,2025.09.20.00,681.0207586052633
Anhui-Ev,2025.09.20.04,106.67773999999999
Anhui-Ev,2025.09.20.08,2.6669435000000004
Anhui-Ev,2025.09.20.12,0.0
Anhui-Ev,2025.09.20.16,0.0
Anhui-Ev,2025.09.20.20,69.96677684210538
Anhui-Ev,2025.10.26.00,79.66279005263164
Anhui-Ev,2025.10.26.04,0.0
Anhui-Ev,2025.10.26.08,2.6669435000000004
Anhui-Ev,2025.10.26.12,386.70680749999997
Anhui-Ev,2025.10.26.16,0.0
Anhui-Ev,2025.10.26.20,0.0
Anhui-Ev,2025.11.19.00,121.36212526315785
Anhui-Ev,2025.11.19.04,0.0
Anhui-Ev,2025.11.19.08,0.0
Anhui-Ev,2025.11.19.12,0.0
Anhui-Ev,2025.11.19.16,0.0
Anhui-Ev,2025.11.19.20,0.0
Anhui-Ev,2025.12.16.00,0.0
Anhui-Ev,2025.12.16.04,106.67773999999999
Anhui-Ev,2025.12.16.08,0.0
Anhui-Ev,2025.12.16.12,386.70680749999997
Anhui-Ev,2025.12.16.16,0.0
Anhui-Ev,2025.12.16.20,72.41649986842094
Fujian-Ev,2025.01.22.00,0.0
Fujian-Ev,2025.01.22.04,94.13586
Fujian-Ev,2025.01.22.08,0.0
Fujian-Ev,2025.01.22.12,0.0
Fujian-Ev,2025.01.22.16,605.5946621052633
Fujian-Ev,2025.01.22.20,0.0
Fujian-Ev,2025.02.08.00,427.54640139473685
Fujian-Ev,2025.02.08.04,94.13586
Fujian-Ev,2025.02.08.08,2.3533965
Fujian-Ev,2025.02.08.12,341.24249249999997
Fujian-Ev,2025.02.08.16,119.90888644736849
Fujian-Ev,2025.02.08.20,0.0
Fujian-Ev,2025.03.21.00,10.671271578947342
Fujian-Ev,2025.03.21.04,67.39098560526313
Fujian-Ev,2025.03.21.08,2.3533965
Fujian-Ev,2025.03.21.12,341.2424924999999
Fujian-Ev,2025.03.21.16,44.828868552631796
Fujian-Ev,2025.03.21.20,0.0
Fujian-Ev,2025.04.11.00,535.7835845508395
Fujian-Ev,2025.04.11.04,0.0
Fujian-Ev,2025.04.11.08,2.3533965017923038
Fujian-Ev,2025.04.11.12,0.0
Fujian-Ev,2025.04.11.16,0.0
Fujian-Ev,2025.04.11.20,30.87046421052635
Fujian-Ev,2025.05.22.00,173.72258455263153
Fujian-Ev,2025.05.22.04,94.13586
Fujian-Ev,2025.05.22.08,2.3533965
Fujian-Ev,2025.05.22.12,341.2424924999999
Fujian-Ev,2025.05.22.16,66.93364539473708
Fujian-Ev,2025.05.22.20,0.0
Fujian-Ev,2025.06.16.00,15.625790526315827
Fujian-Ev,2025.06.16.04,0.0
Fujian-Ev,2025.06.16.08,2.3533965
Fujian-Ev,2025.06.16.12,265.9528603421052
Fujian-Ev,2025.06.16.16,0.0
Fujian-Ev,2025.06.16.20,185.22278526315785
Fujian-Ev,2025.07.22.00,713.3991813947367
Fujian-Ev,2025.07.22.04,94.13586
Fujian-Ev,2025.07.22.08,2.3533965
Fujian-Ev,2025.07.22.12,0.0
Fujian-Ev,2025.07.22.16,0.0
Fujian-Ev,2025.07.22.20,0.0
Fujian-Ev,2025.08.19.00,221.36218981578938
Fujian-Ev,2025.08.19.04,94.13586
Fujian-Ev,2025.08.19.08,2.3533965
Fujian-Ev,2025.08.19.12,146.72998421052637
Fujian-Ev,2025.08.19.16,372.7322715789473
Fujian-Ev,2025.08.19.20,0.0
Fujian-Ev,2025.09.20.00,635.6361971842106
Fujian-Ev,2025.09.20.04,0.0
Fujian-Ev,2025.09.20.08,2.3533965
Fujian-Ev,2025.09.20.12,341.2424924999999
Fujian-Ev,2025.09.20.16,491.49780750000014
Fujian-Ev,2025.09.20.20,0.0
Fujian-Ev,2025.10.26.00,-5.248741792073767e-10
Fujian-Ev,2025.10.26.04,0.0
Fujian-Ev,2025.10.26.08,2.3533965
Fujian-Ev,2025.10.26.12,341.2424924999999
Fujian-Ev,2025.10.26.16,0.0
Fujian-Ev,2025.10.26.20,688.849636263683
Fujian-Ev,2025.11.19.00,0.0
Fujian-Ev,2025.11.19.04,94.13586
Fujian-Ev,2025.11.19.08,2.3533965
Fujian-Ev,2025.11.19.12,0.0
Fujian-Ev,2025.11.19.16,419.22852631578945
Fujian-Ev,2025.11.19.20,265.1906266578948
Fujian-Ev,2025.12.16.00,3.0489347368422
Fujian-Ev,2025.12.16.04,94.13586
Fujian-Ev,2025.12.16.08,2.3533965
Fujian-Ev,2025.12.16.12,341.2424924999999
Fujian-Ev,2025.12.16.16,180.05865205263154
Fujian-Ev,2025.12.16.20,0.0
Jiangsu-Ev,2025.01.22.00,532.1334391603202
Jiangsu-Ev,2025.01.22.04,0.0
Jiangsu-Ev,2025.01.22.08,6.3691485000000005
Jiangsu-Ev,2025.01.22.12,0.0
Jiangsu-Ev,2025.01.22.16,2481.556814444943
Jiangsu-Ev,2025.01.22.20,0.0
Jiangsu-Ev,2025.02.08.00,28.88034947368444
Jiangsu-Ev,2025.02.08.04,254.76594
Jiangsu-Ev,2025.02.08.08,0.0
Jiangsu-Ev,2025.02.08.12,0.0
Jiangsu-Ev,2025.02.08.16,1305.5500051944787
Jiangsu-Ev,2025.02.08.20,130.21594006867963
Jiangsu-Ev,2025.03.21.00,0.0
Jiangsu-Ev,2025.03.21.04,254.76594
Jiangsu-Ev,2025.03.21.08,0.0
Jiangsu-Ev,2025.03.21.12,383.69607157894734
Jiangsu-Ev,2025.03.21.16,567.2925789473686
Jiangsu-Ev,2025.03.21.20,112.42707473684231
Jiangsu-Ev,2025.04.11.00,1170.6855947368422
Jiangsu-Ev,2025.04.11.04,254.76594
Jiangsu-Ev,2025.04.11.08,0.0
Jiangsu-Ev,2025.04.11.12,748.8262042105262
Jiangsu-Ev,2025.04.11.16,0.0
Jiangsu-Ev,2025.04.11.20,0.0
Jiangsu-Ev,2025.05.22.00,0.0
Jiangsu-Ev,2025.05.22.04,0.0
Jiangsu-Ev,2025.05.22.08,0.0
Jiangsu-Ev,2025.05.22.12,923.5265324999999
Jiangsu-Ev,2025.05.22.16,0.0
Jiangsu-Ev,2025.05.22.20,698.930243289473
Jiangsu-Ev,2025.06.16.00,880.670156763158
Jiangsu-Ev,2025.06.16.04,0.0
Jiangsu-Ev,2025.06.16.08,6.3691485000000005
Jiangsu-Ev,2025.06.16.12,878.7877768421049
Jiangsu-Ev,2025.06.16.16,0.0
Jiangsu-Ev,2025.06.16.20,0.0
Jiangsu-Ev,2025.07.22.00,3079.8829831578955
Jiangsu-Ev,2025.07.22.04,0.0
Jiangsu-Ev,2025.07.22.08,0.0
Jiangsu-Ev,2025.07.22.12,0.0
Jiangsu-Ev,2025.07.22.16,0.0
Jiangsu-Ev,2025.07.22.20,668.3738021052633
Jiangsu-Ev,2025.08.19.00,3434.422468779723
Jiangsu-Ev,2025.08.19.04,254.76594
Jiangsu-Ev,2025.08.19.08,6.3691485000000005
Jiangsu-Ev,2025.08.19.12,0.0
Jiangsu-Ev,2025.08.19.16,0.0
Jiangsu-Ev,2025.08.19.20,4283.690746930804
Jiangsu-Ev,2025.09.20.00,395.393139332783
Jiangsu-Ev,2025.09.20.04,0.0
Jiangsu-Ev,2025.09.20.08,6.3691485000000005
Jiangsu-Ev,2025.09.20.12,0.0
Jiangsu-Ev,2025.09.20.16,1021.1266421052632
Jiangsu-Ev,2025.09.20.20,1392.9451437461648
Jiangsu-Ev,2025.10.26.00,2381.210600131579
Jiangsu-Ev,2025.10.26.04,0.0
Jiangsu-Ev,2025.10.26.08,0.0
Jiangsu-Ev,2025.10.26.12,923.5265324999999
Jiangsu-Ev,2025.10.26.16,0.0
Jiangsu-Ev,2025.10.26.20,835.467252631579
Jiangsu-Ev,2025.11.19.00,2357.8742463157896
Jiangsu-Ev,2025.11.19.04,0.0
Jiangsu-Ev,2025.11.19.08,0.0
Jiangsu-Ev,2025.11.19.12,0.0
Jiangsu-Ev,2025.11.19.16,0.0
Jiangsu-Ev,2025.11.19.20,167.09345052631568
Jiangsu-Ev,2025.12.16.00,1287.7800055797343
Jiangsu-Ev,2025.12.16.04,254.76594
Jiangsu-Ev,2025.12.16.08,6.3691485000000005
Jiangsu-Ev,2025.12.16.12,923.5265324999999
Jiangsu-Ev,2025.12.16.16,0.0
Jiangsu-Ev,2025.12.16.20,2905.525565932704
Shanghai-Ev,2025.01.22.00,3543.112209
Shanghai-Ev,2025.01.22.04,259.56866
Shanghai-Ev,2025.01.22.08,6.4892165
Shanghai-Ev,2025.01.22.12,0.0
Shanghai-Ev,2025.01.22.16,0.0
Shanghai-Ev,2025.01.22.20,1052.0876404914497
Shanghai-Ev,2025.02.08.00,942.2204718692819
Shanghai-Ev,2025.02.08.04,259.56866
Shanghai-Ev,2025.02.08.08,6.4892165
Shanghai-Ev,2025.02.08.12,0.0
Shanghai-Ev,2025.02.08.16,1688.1747507736209
Shanghai-Ev,2025.02.08.20,522.7544764892
Shanghai-Ev,2025.03.21.00,1132.1733451321325
Shanghai-Ev,2025.03.21.04,222.02367710471026
Shanghai-Ev,2025.03.21.08,0.0
Shanghai-Ev,2025.03.21.12,940.9363925000001
Shanghai-Ev,2025.03.21.16,0.0
Shanghai-Ev,2025.03.21.20,0.0
Shanghai-Ev,2025.04.11.00,931.3512793352929
Shanghai-Ev,2025.04.11.04,259.56866
Shanghai-Ev,2025.04.11.08,6.4892165
Shanghai-Ev,2025.04.11.12,0.0
Shanghai-Ev,2025.04.11.16,1097.654948812467
Shanghai-Ev,2025.04.11.20,889.8215298863724
Shanghai-Ev,2025.05.22.00,484.3439726178758
Shanghai-Ev,2025.05.22.04,0.0
Shanghai-Ev,2025.05.22.08,6.4892165
Shanghai-Ev,2025.05.22.12,940.9363925000001
Shanghai-Ev,2025.05.22.16,846.4250810986923
Shanghai-Ev,2025.05.22.20,0.0
Shanghai-Ev,2025.06.16.00,808.268764432808
Shanghai-Ev,2025.06.16.04,0.0
Shanghai-Ev,2025.06.16.08,6.4892165
Shanghai-Ev,2025.06.16.12,940.9363924999999
Shanghai-Ev,2025.06.16.16,0.0
Shanghai-Ev,2025.06.16.20,464.0370304653102
Shanghai-Ev,2025.07.22.00,973.1442746728558
Shanghai-Ev,2025.07.22.04,210.8229074856476
Shanghai-Ev,2025.07.22.08,6.4892165
Shanghai-Ev,2025.07.22.12,940.9363924999999
Shanghai-Ev,2025.07.22.16,1434.5730380526074
Shanghai-Ev,2025.07.22.20,0.0
Shanghai-Ev,2025.08.19.00,3183.070255510791
Shanghai-Ev,2025.08.19.04,259.56866
Shanghai-Ev,2025.08.19.08,6.4892165
Shanghai-Ev,2025.08.19.12,0.0
Shanghai-Ev,2025.08.19.16,0.0
Shanghai-Ev,2025.08.19.20,0.0
Shanghai-Ev,2025.09.20.00,975.7962073383542
Shanghai-Ev,2025.09.20.04,239.5000552405927
Shanghai-Ev,2025.09.20.08,6.4892165
Shanghai-Ev,2025.09.20.12,940.9363924999999
Shanghai-Ev,2025.09.20.16,0.0
Shanghai-Ev,2025.09.20.20,0.0
Shanghai-Ev,2025.10.26.00,1171.9767620410603
Shanghai-Ev,2025.10.26.04,259.56866
Shanghai-Ev,2025.10.26.08,6.4892165
Shanghai-Ev,2025.10.26.12,940.9363924999999
Shanghai-Ev,2025.10.26.16,0.0
Shanghai-Ev,2025.10.26.20,1015.9095288350154
Shanghai-Ev,2025.11.19.00,1948.9794557331215
Shanghai-Ev,2025.11.19.04,259.56866
Shanghai-Ev,2025.11.19.08,6.4892165
Shanghai-Ev,2025.11.19.12,0.0
Shanghai-Ev,2025.11.19.16,0.0
Shanghai-Ev,2025.11.19.20,198.84611724056185
Shanghai-Ev,2025.12.16.00,2345.411191533541
Shanghai-Ev,2025.12.16.04,259.56866
Shanghai-Ev,2025.12.16.08,6.4892165
Shanghai-Ev,2025.12.16.12,940.9363924999999
Shanghai-Ev,2025.12.16.16,0.0
Shanghai-Ev,2025.12.16.20,0.0
Zhejiang-Ev,2025.01.22.00,0.0
Zhejiang-Ev,2025.01.22.04,348.26532000000003
Zhejiang-Ev,2025.01.22.08,0.0
Zhejiang-Ev,2025.01.22.12,974.1689638018142
Zhejiang-Ev,2025.01.22.16,3348.604979882396
Zhejiang-Ev,2025.01.22.20,0.0
Zhejiang-Ev,2025.02.08.00,1311.0356322631578
Zhejiang-Ev,2025.02.08.04,348.26532000000003
Zhejiang-Ev,2025.02.08.08,8.706633
Zhejiang-Ev,2025.02.08.12,542.8427052621579
Zhejiang-Ev,2025.02.08.16,1240.7833263167904
Zhejiang-Ev,2025.02.08.20,0.0
Zhejiang-Ev,2025.03.21.00,1130.0293146315782
Zhejiang-Ev,2025.03.21.04,348.26532000000003
Zhejiang-Ev,2025.03.21.08,8.706633
Zhejiang-Ev,2025.03.21.12,1262.461785
Zhejiang-Ev,2025.03.21.16,0.0
Zhejiang-Ev,2025.03.21.20,0.0
Zhejiang-Ev,2025.04.11.00,1786.1992469999998
Zhejiang-Ev,2025.04.11.04,348.26532000000003
Zhejiang-Ev,2025.04.11.08,8.706633
Zhejiang-Ev,2025.04.11.12,651.4112463157892
Zhejiang-Ev,2025.04.11.16,310.1958315789469
Zhejiang-Ev,2025.04.11.20,799.4592568421056
Zhejiang-Ev,2025.05.22.00,0.0
Zhejiang-Ev,2025.05.22.04,348.26532000000003
Zhejiang-Ev,2025.05.22.08,8.706633
Zhejiang-Ev,2025.05.22.12,791.0895459969415
Zhejiang-Ev,2025.05.22.16,783.6125431083219
Zhejiang-Ev,2025.05.22.20,0.0
Zhejiang-Ev,2025.06.16.00,481.96677331578957
Zhejiang-Ev,2025.06.16.04,0.0
Zhejiang-Ev,2025.06.16.08,8.706633
Zhejiang-Ev,2025.06.16.12,1262.461785
Zhejiang-Ev,2025.06.16.16,0.0
Zhejiang-Ev,2025.06.16.20,525.3941897368417
Zhejiang-Ev,2025.07.22.00,1816.959359427925
Zhejiang-Ev,2025.07.22.04,169.20326785016732
Zhejiang-Ev,2025.07.22.08,0.0
Zhejiang-Ev,2025.07.22.12,1196.1646085113807
Zhejiang-Ev,2025.07.22.16,0.0
Zhejiang-Ev,2025.07.22.20,0.0
Zhejiang-Ev,2025.08.19.00,4753.821618
Zhejiang-Ev,2025.08.19.04,0.0
Zhejiang-Ev,2025.08.19.08,8.706633
Zhejiang-Ev,2025.08.19.12,1262.4617850000002
Zhejiang-Ev,2025.08.19.16,0.0
Zhejiang-Ev,2025.08.19.20,4211.368693896924
Zhejiang-Ev,2025.09.20.00,535.0173104210535
Zhejiang-Ev,2025.09.20.04,0.0
Zhejiang-Ev,2025.09.20.08,8.706633
Zhejiang-Ev,2025.09.20.12,1262.461785
Zhejiang-Ev,2025.09.20.16,0.0
Zhejiang-Ev,2025.09.20.20,456.83386105263133
Zhejiang-Ev,2025.10.26.00,295.69074133210233
Zhejiang-Ev,2025.10.26.04,348.26532000000003
Zhejiang-Ev,2025.10.26.08,8.706633
Zhejiang-Ev,2025.10.26.12,1262.461785
Zhejiang-Ev,2025.10.26.16,0.0
Zhejiang-Ev,2025.10.26.20,519.9127985626346
Zhejiang-Ev,2025.11.19.00,1719.400489373149
Zhejiang-Ev,2025.11.19.04,348.26532000000003
Zhejiang-Ev,2025.11.19.08,8.706633
Zhejiang-Ev,2025.11.19.12,217.13708210526275
Zhejiang-Ev,2025.11.19.16,1395.8812421052626
Zhejiang-Ev,2025.11.19.20,1222.983220784743
Zhejiang-Ev,2025.12.16.00,1806.8202198947379
Zhejiang-Ev,2025.12.16.04,348.26532000000003
Zhejiang-Ev,2025.12.16.08,8.706633
Zhejiang-Ev,2025.12.16.12,1262.461785
Zhejiang-Ev,2025.12.16.16,0.0
Zhejiang-Ev,2025.12.16.20,0.0
Beijing-Ev,2025.01.22.00,1459.7324956931457
Beijing-Ev,2025.01.22.04,185.13273999999998
Beijing-Ev,2025.01.22.08,4.6283185
Beijing-Ev,2025.01.22.12,671.1061825009496
Beijing-Ev,2025.01.22.16,0.0
Beijing-Ev,2025.01.22.20,0.0
Beijing-Ev,2025.02.08.00,1717.3680848949703
Beijing-Ev,2025.02.08.04,185.13273999999998
Beijing-Ev,2025.02.08.08,4.6283185
Beijing-Ev,2025.02.08.12,671.1061825000002
Beijing-Ev,2025.02.08.16,0.0
Beijing-Ev,2025.02.08.20,0.0
Beijing-Ev,2025.03.21.00,851.9050362334383
Beijing-Ev,2025.03.21.04,185.13273999999998
Beijing-Ev,2025.03.21.08,4.6283185
Beijing-Ev,2025.03.21.12,73.64064289708585
Beijing-Ev,2025.03.21.16,461.69441605368047
Beijing-Ev,2025.03.21.20,242.8461852631579
Beijing-Ev,2025.04.11.00,1485.0173400453577
Beijing-Ev,2025.04.11.04,185.13273999999998
Beijing-Ev,2025.04.11.08,4.6283185
Beijing-Ev,2025.04.11.12,671.1061825
Beijing-Ev,2025.04.11.16,0.0
Beijing-Ev,2025.04.11.20,474.98778594661553
Beijing-Ev,2025.05.22.00,219.77626712653273
Beijing-Ev,2025.05.22.04,0.0
Beijing-Ev,2025.05.22.08,4.6283185
Beijing-Ev,2025.05.22.12,258.1039051387379
Beijing-Ev,2025.05.22.16,1979.5565617817629
Beijing-Ev,2025.05.22.20,0.0
Beijing-Ev,2025.06.16.00,656.1881730088744
Beijing-Ev,2025.06.16.04,0.0
Beijing-Ev,2025.06.16.08,0.0
Beijing-Ev,2025.06.16.12,145.30735493721113
Beijing-Ev,2025.06.16.16,827.030220178749
Beijing-Ev,2025.06.16.20,0.0
Beijing-Ev,2025.07.22.00,2101.5459263883354
Beijing-Ev,2025.07.22.04,185.13273999999998
Beijing-Ev,2025.07.22.08,4.6283185
Beijing-Ev,2025.07.22.12,0.0
Beijing-Ev,2025.07.22.16,0.0
Beijing-Ev,2025.07.22.20,0.0
Beijing-Ev,2025.08.19.00,695.4149223433994
Beijing-Ev,2025.08.19.04,0.0
Beijing-Ev,2025.08.19.08,4.6283185
Beijing-Ev,2025.08.19.12,671.1061825000002
Beijing-Ev,2025.08.19.16,1199.8249019197578
Beijing-Ev,2025.08.19.20,0.0
Beijing-Ev,2025.09.20.00,1297.4282305263152
Beijing-Ev,2025.09.20.04,185.13274
Beijing-Ev,2025.09.20.08,0.0
Beijing-Ev,2025.09.20.12,0.0
Beijing-Ev,2025.09.20.16,0.0
Beijing-Ev,2025.09.20.20,0.0
Beijing-Ev,2025.10.26.00,873.9464568421049
Beijing-Ev,2025.10.26.04,0.0
Beijing-Ev,2025.10.26.08,0.0
Beijing-Ev,2025.10.26.12,0.0
Beijing-Ev,2025.10.26.16,0.0
Beijing-Ev,2025.10.26.20,242.8461852631579
Beijing-Ev,2025.11.19.00,1109.9322152156756
Beijing-Ev,2025.11.19.04,183.49756719630318
Beijing-Ev,2025.11.19.08,0.0
Beijing-Ev,2025.11.19.12,620.33738058772
Beijing-Ev,2025.11.19.16,0.0
Beijing-Ev,2025.11.19.20,0.0
Beijing-Ev,2025.12.16.00,1653.6551018479731
Beijing-Ev,2025.12.16.04,185.13273999999998
Beijing-Ev,2025.12.16.08,4.6283185
Beijing-Ev,2025.12.16.12,406.83822743296696
Beijing-Ev,2025.12.16.16,0.0
Beijing-Ev,2025.12.16.20,0.0
Hebei-Ev,2025.01.22.00,1169.6936641052635
Hebei-Ev,2025.01.22.04,113.64158
Hebei-Ev,2025.01.22.08,2.8410395000000004
Hebei-Ev,2025.01.22.12,411.95072749999997
Hebei-Ev,2025.01.22.16,0.0
Hebei-Ev,2025.01.22.20,2096.6871510000005
Hebei-Ev,2025.02.08.00,1551.2075670000004
Hebei-Ev,2025.02.08.04,113.64158
Hebei-Ev,2025.02.08.08,2.8410395000000004
Hebei-Ev,2025.02.08.12,411.95072749999997
Hebei-Ev,2025.02.08.16,0.0
Hebei-Ev,2025.02.08.20,2096.6871510000005
Hebei-Ev,2025.03.21.00,0.0
Hebei-Ev,2025.03.21.04,0.0
Hebei-Ev,2025.03.21.08,2.8410395000000004
Hebei-Ev,2025.03.21.12,411.95072749999997
Hebei-Ev,2025.03.21.16,0.0
Hebei-Ev,2025.03.21.20,485.5992130000002
Hebei-Ev,2025.04.11.00,1185.3366346315788
Hebei-Ev,2025.04.11.04,0.0
Hebei-Ev,2025.04.11.08,2.8410395000000004
Hebei-Ev,2025.04.11.12,411.95072749999997
Hebei-Ev,2025.04.11.16,0.0
Hebei-Ev,2025.04.11.20,2096.687151
Hebei-Ev,2025.05.22.00,443.27172247368367
Hebei-Ev,2025.05.22.04,0.0
Hebei-Ev,2025.05.22.08,2.8410395000000004
Hebei-Ev,2025.05.22.12,411.95072749999997
Hebei-Ev,2025.05.22.16,0.0
Hebei-Ev,2025.05.22.20,0.0
Hebei-Ev,2025.06.16.00,0.0
Hebei-Ev,2025.06.16.04,0.0
Hebei-Ev,2025.06.16.08,2.8410395000000004
Hebei-Ev,2025.06.16.12,411.95072749999997
Hebei-Ev,2025.06.16.16,0.0
Hebei-Ev,2025.06.16.20,2096.6871510000005
Hebei-Ev,2025.07.22.00,0.0
Hebei-Ev,2025.07.22.04,113.64158
Hebei-Ev,2025.07.22.08,2.8410395000000004
Hebei-Ev,2025.07.22.12,411.9507275000001
Hebei-Ev,2025.07.22.16,0.0
Hebei-Ev,2025.07.22.20,481.9185140526315
Hebei-Ev,2025.08.19.00,0.0
Hebei-Ev,2025.08.19.04,0.0
Hebei-Ev,2025.08.19.08,2.8410395000000004
Hebei-Ev,2025.08.19.12,411.95072749999997
Hebei-Ev,2025.08.19.16,940.626167736842
Hebei-Ev,2025.08.19.20,0.0
Hebei-Ev,2025.09.20.00,0.0
Hebei-Ev,2025.09.20.04,0.0
Hebei-Ev,2025.09.20.08,0.0
Hebei-Ev,2025.09.20.12,0.0
Hebei-Ev,2025.09.20.16,0.0
Hebei-Ev,2025.09.20.20,690.59114
Hebei-Ev,2025.10.26.00,1523.041310421053
Hebei-Ev,2025.10.26.04,0.0
Hebei-Ev,2025.10.26.08,2.8410395000000004
Hebei-Ev,2025.10.26.12,411.95072749999997
Hebei-Ev,2025.10.26.16,0.0
Hebei-Ev,2025.10.26.20,2096.6871510000005
Hebei-Ev,2025.11.19.00,1105.8220351842115
Hebei-Ev,2025.11.19.04,113.64158
Hebei-Ev,2025.11.19.08,0.0
Hebei-Ev,2025.11.19.12,411.95072749999997
Hebei-Ev,2025.11.19.16,0.0
Hebei-Ev,2025.11.19.20,2096.687151
Hebei-Ev,2025.12.16.00,1551.2075670000004
Hebei-Ev,2025.12.16.04,113.64158
Hebei-Ev,2025.12.16.08,2.8410395000000004
Hebei-Ev,2025.12.16.12,0.0
Hebei-Ev,2025.12.16.16,0.0
Hebei-Ev,2025.12.16.20,2096.687151
Shandong-Ev,2025.01.22.00,1496.5720640000004
Shandong-Ev,2025.01.22.04,235.68063999999998
Shandong-Ev,2025.01.22.08,5.892016000000001
Shandong-Ev,2025.01.22.12,854.34232
Shandong-Ev,2025.01.22.16,0.0
Shandong-Ev,2025.01.22.20,231.8639494736841
Shandong-Ev,2025.02.08.00,55.34201263157911
Shandong-Ev,2025.02.08.04,0.0
Shandong-Ev,2025.02.08.08,0.0
Shandong-Ev,2025.02.08.12,759.5214147368422
Shandong-Ev,2025.02.08.16,0.0
Shandong-Ev,2025.02.08.20,0.0
Shandong-Ev,2025.03.21.00,1037.1856505263163
Shandong-Ev,2025.03.21.04,235.68063999999998
Shandong-Ev,2025.03.21.08,0.0
Shandong-Ev,2025.03.21.12,514.2990484210527
Shandong-Ev,2025.03.21.16,1457.9757810526316
Shandong-Ev,2025.03.21.20,0.0
Shandong-Ev,2025.04.11.00,0.0
Shandong-Ev,2025.04.11.04,0.0
Shandong-Ev,2025.04.11.08,0.0
Shandong-Ev,2025.04.11.12,854.3423200000002
Shandong-Ev,2025.04.11.16,0.0
Shandong-Ev,2025.04.11.20,2010.0839199999987
Shandong-Ev,2025.05.22.00,0.0
Shandong-Ev,2025.05.22.04,0.0
Shandong-Ev,2025.05.22.08,5.892016000000001
Shandong-Ev,2025.05.22.12,854.34232
Shandong-Ev,2025.05.22.16,0.0
Shandong-Ev,2025.05.22.20,1493.7306882105263
Shandong-Ev,2025.06.16.00,850.5971924210526
Shandong-Ev,2025.06.16.04,235.68063999999998
Shandong-Ev,2025.06.16.08,5.892016000000001
Shandong-Ev,2025.06.16.12,854.3423200000002
Shandong-Ev,2025.06.16.16,0.0
Shandong-Ev,2025.06.16.20,618.303865263158
Shandong-Ev,2025.07.22.00,0.0
Shandong-Ev,2025.07.22.04,235.68063999999998
Shandong-Ev,2025.07.22.08,5.892016000000001
Shandong-Ev,2025.07.22.12,440.8277557894737
Shandong-Ev,2025.07.22.16,209.91797894736823
Shandong-Ev,2025.07.22.20,1762.189870315789
Shandong-Ev,2025.08.19.00,0.0
Shandong-Ev,2025.08.19.04,0.0
Shandong-Ev,2025.08.19.08,5.892016000000001
Shandong-Ev,2025.08.19.12,854.34232
Shandong-Ev,2025.08.19.16,0.0
Shandong-Ev,2025.08.19.20,163.59289768421058
Shandong-Ev,2025.09.20.00,1639.1016008421057
Shandong-Ev,2025.09.20.04,235.68063999999998
Shandong-Ev,2025.09.20.08,5.892016000000001
Shandong-Ev,2025.09.20.12,0.0
Shandong-Ev,2025.09.20.16,0.0
Shandong-Ev,2025.09.20.20,154.57596631578923
Shandong-Ev,2025.10.26.00,0.0
Shandong-Ev,2025.10.26.04,0.0
Shandong-Ev,2025.10.26.08,5.892016000000001
Shandong-Ev,2025.10.26.12,854.34232
Shandong-Ev,2025.10.26.16,0.0
Shandong-Ev,2025.10.26.20,423.1278534736848
Shandong-Ev,2025.11.19.00,0.0
Shandong-Ev,2025.11.19.04,0.0
Shandong-Ev,2025.11.19.08,5.892016000000001
Shandong-Ev,2025.11.19.12,472.31545263157886
Shandong-Ev,2025.11.19.16,0.0
Shandong-Ev,2025.11.19.20,883.3968766315793
Shandong-Ev,2025.12.16.00,0.0
Shandong-Ev,2025.12.16.04,0.0
Shandong-Ev,2025.12.16.08,0.0
Shandong-Ev,2025.12.16.12,854.34232
Shandong-Ev,2025.12.16.16,0.0
Shandong-Ev,2025.12.16.20,969.1019000000001
Shanxi-Ev,2025.01.22.00,194.3840084210525
Shanxi-Ev,2025.01.22.04,0.0
Shanxi-Ev,2025.01.22.08,0.0
Shanxi-Ev,2025.01.22.12,0.0
Shanxi-Ev,2025.01.22.16,0.0
Shanxi-Ev,2025.01.22.20,0.0
Shanxi-Ev,2025.02.08.00,0.0
Shanxi-Ev,2025.02.08.04,0.0
Shanxi-Ev,2025.02.08.08,0.0
Shanxi-Ev,2025.02.08.12,64.51538210526319
Shanxi-Ev,2025.02.08.16,30.721610526315757
Shanxi-Ev,2025.02.08.20,140.4815463157895
Shanxi-Ev,2025.03.21.00,327.0033479703161
Shanxi-Ev,2025.03.21.04,8.371906213894363
Shanxi-Ev,2025.03.21.08,1.7245994999999998
Shanxi-Ev,2025.03.21.12,0.0
Shanxi-Ev,2025.03.21.16,0.0
Shanxi-Ev,2025.03.21.20,158.3559378947368
Shanxi-Ev,2025.04.11.00,198.85260631578944
Shanxi-Ev,2025.04.11.04,0.0
Shanxi-Ev,2025.04.11.08,0.0
Shanxi-Ev,2025.04.11.12,250.0669275
Shanxi-Ev,2025.04.11.16,0.0
Shanxi-Ev,2025.04.11.20,58.82490197368429
Shanxi-Ev,2025.05.22.00,0.0
Shanxi-Ev,2025.05.22.04,0.0
Shanxi-Ev,2025.05.22.08,1.7245994999999998
Shanxi-Ev,2025.05.22.12,250.0669275
Shanxi-Ev,2025.05.22.16,188.92476142105284
Shanxi-Ev,2025.05.22.20,0.0
Shanxi-Ev,2025.06.16.00,59.71862155263159
Shanxi-Ev,2025.06.16.04,0.0
Shanxi-Ev,2025.06.16.08,1.7245994999999998
Shanxi-Ev,2025.06.16.12,233.48424000000023
Shanxi-Ev,2025.06.16.16,0.0
Shanxi-Ev,2025.06.16.20,226.22276842105256
Shanxi-Ev,2025.07.22.00,691.7948115789475
Shanxi-Ev,2025.07.22.04,0.0
Shanxi-Ev,2025.07.22.08,0.0
Shanxi-Ev,2025.07.22.12,0.0
Shanxi-Ev,2025.07.22.16,0.0
Shanxi-Ev,2025.07.22.20,0.0
Shanxi-Ev,2025.08.19.00,869.0942362894735
Shanxi-Ev,2025.08.19.04,0.0
Shanxi-Ev,2025.08.19.08,1.7245994999999998
Shanxi-Ev,2025.08.19.12,0.0
Shanxi-Ev,2025.08.19.16,0.0
Shanxi-Ev,2025.08.19.20,0.0
Shanxi-Ev,2025.09.20.00,526.1774021052631
Shanxi-Ev,2025.09.20.04,0.0
Shanxi-Ev,2025.09.20.08,0.0
Shanxi-Ev,2025.09.20.12,0.0
Shanxi-Ev,2025.09.20.16,0.0
Shanxi-Ev,2025.09.20.20,226.22276842105256
Shanxi-Ev,2025.10.26.00,326.71734576315805
Shanxi-Ev,2025.10.26.04,0.0
Shanxi-Ev,2025.10.26.08,1.7245994999999998
Shanxi-Ev,2025.10.26.12,215.05127368421054
Shanxi-Ev,2025.10.26.16,184.32966315789466
Shanxi-Ev,2025.10.26.20,90.48910736842105
Shanxi-Ev,2025.11.19.00,127.66598442519285
Shanxi-Ev,2025.11.19.04,0.0
Shanxi-Ev,2025.11.19.08,0.0
Shanxi-Ev,2025.11.19.12,15.887722943228141
Shanxi-Ev,2025.11.19.16,122.88644210526316
Shanxi-Ev,2025.11.19.20,158.3559378947368
Shanxi-Ev,2025.12.16.00,127.63432736842117
Shanxi-Ev,2025.12.16.04,68.98398
Shanxi-Ev,2025.12.16.08,0.0
Shanxi-Ev,2025.12.16.12,250.0669275
Shanxi-Ev,2025.12.16.16,117.75453671053424
Shanxi-Ev,2025.12.16.20,0.0
Tianjin-Ev,2025.01.22.00,829.8903248234776
Tianjin-Ev,2025.01.22.04,0.0
Tianjin-Ev,2025.01.22.08,0.0
Tianjin-Ev,2025.01.22.12,0.0
Tianjin-Ev,2025.01.22.16,0.0
Tianjin-Ev,2025.01.22.20,255.56369684210517
Tianjin-Ev,2025.02.08.00,1037.077714736842
Tianjin-Ev,2025.02.08.04,97.41394
Tianjin-Ev,2025.02.08.08,0.0
Tianjin-Ev,2025.02.08.12,0.0
Tianjin-Ev,2025.02.08.16,0.0
Tianjin-Ev,2025.02.08.20,0.0
Tianjin-Ev,2025.03.21.00,356.8525030789474
Tianjin-Ev,2025.03.21.04,97.41394
Tianjin-Ev,2025.03.21.08,2.4353485
Tianjin-Ev,2025.03.21.12,0.0
Tianjin-Ev,2025.03.21.16,173.53090526315793
Tianjin-Ev,2025.03.21.20,223.61823473684197
Tianjin-Ev,2025.04.11.00,308.0403916617056
Tianjin-Ev,2025.04.11.04,0.0
Tianjin-Ev,2025.04.11.08,0.0
Tianjin-Ev,2025.04.11.12,0.0
Tianjin-Ev,2025.04.11.16,0.0
Tianjin-Ev,2025.04.11.20,632.1816041277689
Tianjin-Ev,2025.05.22.00,205.8707557894736
Tianjin-Ev,2025.05.22.04,0.0
Tianjin-Ev,2025.05.22.08,0.0
Tianjin-Ev,2025.05.22.12,0.0
Tianjin-Ev,2025.05.22.16,657.4454978947367
Tianjin-Ev,2025.05.22.20,0.0
Tianjin-Ev,2025.06.16.00,419.56026202631574
Tianjin-Ev,2025.06.16.04,97.41394
Tianjin-Ev,2025.06.16.08,2.4353485
Tianjin-Ev,2025.06.16.12,0.0
Tianjin-Ev,2025.06.16.16,319.4546210526316
Tianjin-Ev,2025.06.16.20,0.0
Tianjin-Ev,2025.07.22.00,681.8557278668306
Tianjin-Ev,2025.07.22.04,97.41394
Tianjin-Ev,2025.07.22.08,0.0
Tianjin-Ev,2025.07.22.12,0.0
Tianjin-Ev,2025.07.22.16,0.0
Tianjin-Ev,2025.07.22.20,0.0
Tianjin-Ev,2025.08.19.00,319.4546210526314
Tianjin-Ev,2025.08.19.04,0.0
Tianjin-Ev,2025.08.19.08,0.0
Tianjin-Ev,2025.08.19.12,0.0
Tianjin-Ev,2025.08.19.16,0.0
Tianjin-Ev,2025.08.19.20,95.83638631578938
Tianjin-Ev,2025.09.20.00,280.2173192324053
Tianjin-Ev,2025.09.20.04,97.41394
Tianjin-Ev,2025.09.20.08,0.0
Tianjin-Ev,2025.09.20.12,0.0
Tianjin-Ev,2025.09.20.16,260.2963578947368
Tianjin-Ev,2025.09.20.20,573.2392239254893
Tianjin-Ev,2025.10.26.00,601.2125717891586
Tianjin-Ev,2025.10.26.04,0.0
Tianjin-Ev,2025.10.26.08,0.0
Tianjin-Ev,2025.10.26.12,30.367908421052512
Tianjin-Ev,2025.10.26.16,260.2963578947368
Tianjin-Ev,2025.10.26.20,316.52928400031306
Tianjin-Ev,2025.11.19.00,0.0
Tianjin-Ev,2025.11.19.04,97.41394
Tianjin-Ev,2025.11.19.08,2.4353485
Tianjin-Ev,2025.11.19.12,117.13336105263124
Tianjin-Ev,2025.11.19.16,0.0
Tianjin-Ev,2025.11.19.20,459.78788097368397
Tianjin-Ev,2025.12.16.00,1329.700281
Tianjin-Ev,2025.12.16.04,97.41394
Tianjin-Ev,2025.12.16.08,0.0
Tianjin-Ev,2025.12.16.12,70.18673083787098
Tianjin-Ev,2025.12.16.16,0.0
Tianjin-Ev,2025.12.16.20,0.0
West_Inner_Mongolia-Ev,2025.01.22.00,66.51606315789472
West_Inner_Mongolia-Ev,2025.01.22.04,8.335600000000001
West_Inner_Mongolia-Ev,2025.01.22.08,0.0
West_Inner_Mongolia-Ev,2025.01.22.12,0.0
West_Inner_Mongolia-Ev,2025.01.22.16,49.60863157894734
West_Inner_Mongolia-Ev,2025.01.22.20,0.0
West_Inner_Mongolia-Ev,2025.02.08.00,44.49421789473684
West_Inner_Mongolia-Ev,2025.02.08.04,8.335600000000001
West_Inner_Mongolia-Ev,2025.02.08.08,0.20839000000000002
West_Inner_Mongolia-Ev,2025.02.08.12,30.216549999999998
West_Inner_Mongolia-Ev,2025.02.08.16,0.0
West_Inner_Mongolia-Ev,2025.02.08.20,0.0
West_Inner_Mongolia-Ev,2025.03.21.00,25.479263157894735
West_Inner_Mongolia-Ev,2025.03.21.04,8.335600000000001
West_Inner_Mongolia-Ev,2025.03.21.08,0.0
West_Inner_Mongolia-Ev,2025.03.21.12,18.189831578947363
West_Inner_Mongolia-Ev,2025.03.21.16,26.55917894736841
West_Inner_Mongolia-Ev,2025.03.21.20,0.0
West_Inner_Mongolia-Ev,2025.04.11.00,101.48757947368424
West_Inner_Mongolia-Ev,2025.04.11.04,0.0
West_Inner_Mongolia-Ev,2025.04.11.08,0.20839000000000002
West_Inner_Mongolia-Ev,2025.04.11.12,0.0
West_Inner_Mongolia-Ev,2025.04.11.16,0.0
West_Inner_Mongolia-Ev,2025.04.11.20,0.0
West_Inner_Mongolia-Ev,2025.05.22.00,65.6664731578947
West_Inner_Mongolia-Ev,2025.05.22.04,0.0
West_Inner_Mongolia-Ev,2025.05.22.08,0.20839000000000002
West_Inner_Mongolia-Ev,2025.05.22.12,0.0
West_Inner_Mongolia-Ev,2025.05.22.16,26.776811578947374
West_Inner_Mongolia-Ev,2025.05.22.20,0.0
West_Inner_Mongolia-Ev,2025.06.16.00,1.0799157894736835
West_Inner_Mongolia-Ev,2025.06.16.04,8.335600000000001
West_Inner_Mongolia-Ev,2025.06.16.08,0.20839000000000002
West_Inner_Mongolia-Ev,2025.06.16.12,17.846452105263168
West_Inner_Mongolia-Ev,2025.06.16.16,21.30973789473684
West_Inner_Mongolia-Ev,2025.06.16.20,0.0
West_Inner_Mongolia-Ev,2025.07.22.00,0.0
West_Inner_Mongolia-Ev,2025.07.22.04,0.0
West_Inner_Mongolia-Ev,2025.07.22.08,0.20839000000000002
West_Inner_Mongolia-Ev,2025.07.22.12,30.216549999999998
West_Inner_Mongolia-Ev,2025.07.22.16,63.68907894736844
West_Inner_Mongolia-Ev,2025.07.22.20,0.0
West_Inner_Mongolia-Ev,2025.08.19.00,44.47312578947373
West_Inner_Mongolia-Ev,2025.08.19.04,8.335600000000001
West_Inner_Mongolia-Ev,2025.08.19.08,0.20839000000000002
West_Inner_Mongolia-Ev,2025.08.19.12,0.0
West_Inner_Mongolia-Ev,2025.08.19.16,13.885316842105254
West_Inner_Mongolia-Ev,2025.08.19.20,0.0
West_Inner_Mongolia-Ev,2025.09.20.00,0.0
West_Inner_Mongolia-Ev,2025.09.20.04,0.0
West_Inner_Mongolia-Ev,2025.09.20.08,0.20839000000000002
West_Inner_Mongolia-Ev,2025.09.20.12,20.788378947368418
West_Inner_Mongolia-Ev,2025.09.20.16,73.89426052631578
West_Inner_Mongolia-Ev,2025.09.20.20,0.0
West_Inner_Mongolia-Ev,2025.10.26.00,54.974463157894746
West_Inner_Mongolia-Ev,2025.10.26.04,0.0
West_Inner_Mongolia-Ev,2025.10.26.08,0.0
West_Inner_Mongolia-Ev,2025.10.26.12,0.0
West_Inner_Mongolia-Ev,2025.10.26.16,35.95609578947368
West_Inner_Mongolia-Ev,2025.10.26.20,0.0
West_Inner_Mongolia-Ev,2025.11.19.00,0.0
West_Inner_Mongolia-Ev,2025.11.19.04,0.0
West_Inner_Mongolia-Ev,2025.11.19.08,0.20839000000000002
West_Inner_Mongolia-Ev,2025.11.19.12,30.216549999999998
West_Inner_Mongolia-Ev,2025.11.19.16,43.00194210526317
West_Inner_Mongolia-Ev,2025.11.19.20,0.0
West_Inner_Mongolia-Ev,2025.12.16.00,53.75365210526316
West_Inner_Mongolia-Ev,2025.12.16.04,8.335600000000001
West_Inner_Mongolia-Ev,2025.12.16.08,0.20839000000000002
West_Inner_Mongolia-Ev,2025.12.16.12,0.0
West_Inner_Mongolia-Ev,2025.12.16.16,32.431221052631585
West_Inner_Mongolia-Ev,2025.12.16.20,0.0
East_Inner_Mongolia-Ev,2025.01.22.00,113.74827263157891
East_Inner_Mongolia-Ev,2025.01.22.04,8.335600000000001
East_Inner_Mongolia-Ev,2025.01.22.08,0.0
East_Inner_Mongolia-Ev,2025.01.22.12,0.0
East_Inner_Mongolia-Ev,2025.01.22.16,0.0
East_Inner_Mongolia-Ev,2025.01.22.20,0.0
East_Inner_Mongolia-Ev,2025.02.08.00,70.58445789473683
East_Inner_Mongolia-Ev,2025.02.08.04,8.335600000000001
East_Inner_Mongolia-Ev,2025.02.08.08,0.20839000000000002
East_Inner_Mongolia-Ev,2025.02.08.12,30.216549999999998
East_Inner_Mongolia-Ev,2025.02.08.16,0.0
East_Inner_Mongolia-Ev,2025.02.08.20,0.0
East_Inner_Mongolia-Ev,2025.03.21.00,113.78094000000004
East_Inner_Mongolia-Ev,2025.03.21.04,0.0
East_Inner_Mongolia-Ev,2025.03.21.08,0.20839000000000002
East_Inner_Mongolia-Ev,2025.03.21.12,0.0
East_Inner_Mongolia-Ev,2025.03.21.16,0.0
East_Inner_Mongolia-Ev,2025.03.21.20,0.0
East_Inner_Mongolia-Ev,2025.04.11.00,8.081936110888545
East_Inner_Mongolia-Ev,2025.04.11.04,8.335600000000001
East_Inner_Mongolia-Ev,2025.04.11.08,0.20839000000000002
East_Inner_Mongolia-Ev,2025.04.11.12,30.216550000000005
East_Inner_Mongolia-Ev,2025.04.11.16,39.8207659943746
East_Inner_Mongolia-Ev,2025.04.11.20,0.0
East_Inner_Mongolia-Ev,2025.05.22.00,0.0
East_Inner_Mongolia-Ev,2025.05.22.04,8.335600000000001
East_Inner_Mongolia-Ev,2025.05.22.08,0.20839000000000002
East_Inner_Mongolia-Ev,2025.05.22.12,30.216549999999998
East_Inner_Mongolia-Ev,2025.05.22.16,9.228217894736872
East_Inner_Mongolia-Ev,2025.05.22.20,19.269747368421065
East_Inner_Mongolia-Ev,2025.06.16.00,79.63788368421052
East_Inner_Mongolia-Ev,2025.06.16.04,8.335600000000001
East_Inner_Mongolia-Ev,2025.06.16.08,0.20839000000000002
East_Inner_Mongolia-Ev,2025.06.16.12,0.0
East_Inner_Mongolia-Ev,2025.06.16.16,0.0
East_Inner_Mongolia-Ev,2025.06.16.20,0.0
East_Inner_Mongolia-Ev,2025.07.22.00,47.81411526315789
East_Inner_Mongolia-Ev,2025.07.22.04,8.335600000000001
East_Inner_Mongolia-Ev,2025.07.22.08,0.20839000000000002
East_Inner_Mongolia-Ev,2025.07.22.12,30.216549999999998
East_Inner_Mongolia-Ev,2025.07.22.16,31.10241842105259
East_Inner_Mongolia-Ev,2025.07.22.20,0.0
East_Inner_Mongolia-Ev,2025.08.19.00,82.86497578947369
East_Inner_Mongolia-Ev,2025.08.19.04,8.335600000000001
East_Inner_Mongolia-Ev,2025.08.19.08,0.20839000000000002
East_Inner_Mongolia-Ev,2025.08.19.12,30.216550000000005
East_Inner_Mongolia-Ev,2025.08.19.16,0.0
East_Inner_Mongolia-Ev,2025.08.19.20,0.0
East_Inner_Mongolia-Ev,2025.09.20.00,0.0
East_Inner_Mongolia-Ev,2025.09.20.04,8.335600000000003
East_Inner_Mongolia-Ev,2025.09.20.08,0.20839000000000002
East_Inner_Mongolia-Ev,2025.09.20.12,1.405522356455549
East_Inner_Mongolia-Ev,2025.09.20.16,0.0
East_Inner_Mongolia-Ev,2025.09.20.20,80.45968764354444
East_Inner_Mongolia-Ev,2025.10.26.00,48.759041578947375
East_Inner_Mongolia-Ev,2025.10.26.04,8.335600000000001
East_Inner_Mongolia-Ev,2025.10.26.08,0.20839000000000002
East_Inner_Mongolia-Ev,2025.10.26.12,11.507852631578956
East_Inner_Mongolia-Ev,2025.10.26.16,0.0
East_Inner_Mongolia-Ev,2025.10.26.20,0.0
East_Inner_Mongolia-Ev,2025.11.19.00,113.78094000000002
East_Inner_Mongolia-Ev,2025.11.19.04,8.335600000000001
East_Inner_Mongolia-Ev,2025.11.19.08,0.20839000000000002
East_Inner_Mongolia-Ev,2025.11.19.12,2.7463415789473515
East_Inner_Mongolia-Ev,2025.11.19.16,0.0
East_Inner_Mongolia-Ev,2025.11.19.20,0.0
East_Inner_Mongolia-Ev,2025.12.16.00,57.34660210526318
East_Inner_Mongolia-Ev,2025.12.16.04,8.335600000000001
East_Inner_Mongolia-Ev,2025.12.16.08,0.20839000000000002
East_Inner_Mongolia-Ev,2025.12.16.12,30.216549999999998
East_Inner_Mongolia-Ev,2025.12.16.16,0.0
East_Inner_Mongolia-Ev,2025.12.16.20,0.0
Heilongjiang-Ev,2025.01.22.00,148.40498399999998
Heilongjiang-Ev,2025.01.22.04,10.87216
Heilongjiang-Ev,2025.01.22.08,0.27180400000000005
Heilongjiang-Ev,2025.01.22.12,39.41158
Heilongjiang-Ev,2025.01.22.16,0.0
Heilongjiang-Ev,2025.01.22.20,0.0
Heilongjiang-Ev,2025.02.08.00,148.40498399999998
Heilongjiang-Ev,2025.02.08.04,10.87216
Heilongjiang-Ev,2025.02.08.08,0.27180400000000005
Heilongjiang-Ev,2025.02.08.12,39.41158
Heilongjiang-Ev,2025.02.08.16,0.0
Heilongjiang-Ev,2025.02.08.20,0.0
Heilongjiang-Ev,2025.03.21.00,148.404984
Heilongjiang-Ev,2025.03.21.04,0.0
Heilongjiang-Ev,2025.03.21.08,0.27180400000000005
Heilongjiang-Ev,2025.03.21.12,0.0
Heilongjiang-Ev,2025.03.21.16,0.0
Heilongjiang-Ev,2025.03.21.20,0.0
Heilongjiang-Ev,2025.04.11.00,148.40498399999998
Heilongjiang-Ev,2025.04.11.04,0.0
Heilongjiang-Ev,2025.04.11.08,0.27180400000000005
Heilongjiang-Ev,2025.04.11.12,39.41158
Heilongjiang-Ev,2025.04.11.16,0.0
Heilongjiang-Ev,2025.04.11.20,0.0
Heilongjiang-Ev,2025.05.22.00,0.0
Heilongjiang-Ev,2025.05.22.04,0.0
Heilongjiang-Ev,2025.05.22.08,0.27180400000000005
Heilongjiang-Ev,2025.05.22.12,39.41158
Heilongjiang-Ev,2025.05.22.16,84.04795915789475
Heilongjiang-Ev,2025.05.22.20,0.0
Heilongjiang-Ev,2025.06.16.00,0.0
Heilongjiang-Ev,2025.06.16.04,10.87216
Heilongjiang-Ev,2025.06.16.08,0.27180400000000005
Heilongjiang-Ev,2025.06.16.12,6.778593684210519
Heilongjiang-Ev,2025.06.16.16,88.7302507368421
Heilongjiang-Ev,2025.06.16.20,0.0
Heilongjiang-Ev,2025.07.22.00,72.75984
Heilongjiang-Ev,2025.07.22.04,0.0
Heilongjiang-Ev,2025.07.22.08,0.0
Heilongjiang-Ev,2025.07.22.12,0.0
Heilongjiang-Ev,2025.07.22.16,0.0
Heilongjiang-Ev,2025.07.22.20,0.0
Heilongjiang-Ev,2025.08.19.00,119.05651178949165
Heilongjiang-Ev,2025.08.19.04,0.0
Heilongjiang-Ev,2025.08.19.08,0.27180400000000005
Heilongjiang-Ev,2025.08.19.12,39.41158
Heilongjiang-Ev,2025.08.19.16,14.1080273684031
Heilongjiang-Ev,2025.08.19.20,0.0
Heilongjiang-Ev,2025.09.20.00,101.08678003406567
Heilongjiang-Ev,2025.09.20.04,0.0
Heilongjiang-Ev,2025.09.20.08,0.0
Heilongjiang-Ev,2025.09.20.12,0.0
Heilongjiang-Ev,2025.09.20.16,0.0
Heilongjiang-Ev,2025.09.20.20,0.0
Heilongjiang-Ev,2025.10.26.00,58.0945286325785
Heilongjiang-Ev,2025.10.26.04,0.0
Heilongjiang-Ev,2025.10.26.08,0.27180400000000005
Heilongjiang-Ev,2025.10.26.12,18.090922104263683
Heilongjiang-Ev,2025.10.26.16,0.0
Heilongjiang-Ev,2025.10.26.20,0.0
Heilongjiang-Ev,2025.11.19.00,148.40498399999998
Heilongjiang-Ev,2025.11.19.04,10.87216
Heilongjiang-Ev,2025.11.19.08,0.27180400000000005
Heilongjiang-Ev,2025.11.19.12,39.41158
Heilongjiang-Ev,2025.11.19.16,0.0
Heilongjiang-Ev,2025.11.19.20,0.0
Heilongjiang-Ev,2025.12.16.00,148.40498399999998
Heilongjiang-Ev,2025.12.16.04,10.87216
Heilongjiang-Ev,2025.12.16.08,0.26898547368415393
Heilongjiang-Ev,2025.12.16.12,39.41158
Heilongjiang-Ev,2025.12.16.16,0.0
Heilongjiang-Ev,2025.12.16.20,0.0
Jilin-Ev,2025.01.22.00,259.04151
Jilin-Ev,2025.01.22.04,18.9774
Jilin-Ev,2025.01.22.08,0.47443499999999994
Jilin-Ev,2025.01.22.12,68.793075
Jilin-Ev,2025.01.22.16,0.0
Jilin-Ev,2025.01.22.20,0.0
Jilin-Ev,2025.02.08.00,259.04151
Jilin-Ev,2025.02.08.04,18.9774
Jilin-Ev,2025.02.08.08,0.47443499999999994
Jilin-Ev,2025.02.08.12,68.793075
Jilin-Ev,2025.02.08.16,0.0
Jilin-Ev,2025.02.08.20,0.0
Jilin-Ev,2025.03.21.00,255.9817231578947
Jilin-Ev,2025.03.21.04,0.0
Jilin-Ev,2025.03.21.08,0.0
Jilin-Ev,2025.03.21.12,0.0
Jilin-Ev,2025.03.21.16,0.0
Jilin-Ev,2025.03.21.20,0.0
Jilin-Ev,2025.04.11.00,218.0480210526315
Jilin-Ev,2025.04.11.04,0.0
Jilin-Ev,2025.04.11.08,0.0
Jilin-Ev,2025.04.11.12,0.0
Jilin-Ev,2025.04.11.16,0.0
Jilin-Ev,2025.04.11.20,0.0
Jilin-Ev,2025.05.22.00,16.5187894736842
Jilin-Ev,2025.05.22.04,0.0
Jilin-Ev,2025.05.22.08,0.0
Jilin-Ev,2025.05.22.12,0.0
Jilin-Ev,2025.05.22.16,16.90294736842104
Jilin-Ev,2025.05.22.20,43.5635052631579
Jilin-Ev,2025.06.16.00,29.960947188151053
Jilin-Ev,2025.06.16.04,0.0
Jilin-Ev,2025.06.16.08,0.0
Jilin-Ev,2025.06.16.12,0.0
Jilin-Ev,2025.06.16.16,0.0
Jilin-Ev,2025.06.16.20,172.1829370223753
Jilin-Ev,2025.07.22.00,109.71549473684206
Jilin-Ev,2025.07.22.04,18.9774
Jilin-Ev,2025.07.22.08,0.0
Jilin-Ev,2025.07.22.12,41.41222105263158
Jilin-Ev,2025.07.22.16,84.51473684210525
Jilin-Ev,2025.07.22.20,12.446715789473673
Jilin-Ev,2025.08.19.00,0.0
Jilin-Ev,2025.08.19.04,18.9774
Jilin-Ev,2025.08.19.08,0.47443499999999994
Jilin-Ev,2025.08.19.12,68.793075
Jilin-Ev,2025.08.19.16,0.0
Jilin-Ev,2025.08.19.20,99.83879526315786
Jilin-Ev,2025.09.20.00,83.59275789473679
Jilin-Ev,2025.09.20.04,0.0
Jilin-Ev,2025.09.20.08,0.0
Jilin-Ev,2025.09.20.12,0.0
Jilin-Ev,2025.09.20.16,0.0
Jilin-Ev,2025.09.20.20,24.89343157894738
Jilin-Ev,2025.10.26.00,63.462884210526276
Jilin-Ev,2025.10.26.04,0.0
Jilin-Ev,2025.10.26.08,0.0
Jilin-Ev,2025.10.26.12,0.0
Jilin-Ev,2025.10.26.16,0.0
Jilin-Ev,2025.10.26.20,0.0
Jilin-Ev,2025.11.19.00,259.04151
Jilin-Ev,2025.11.19.04,18.9774
Jilin-Ev,2025.11.19.08,0.47443499999999994
Jilin-Ev,2025.11.19.12,68.793075
Jilin-Ev,2025.11.19.16,0.0
Jilin-Ev,2025.11.19.20,0.0
Jilin-Ev,2025.12.16.00,259.02706263157893
Jilin-Ev,2025.12.16.04,18.9774
Jilin-Ev,2025.12.16.08,0.47443499999999994
Jilin-Ev,2025.12.16.12,68.793075
Jilin-Ev,2025.12.16.16,0.0
Jilin-Ev,2025.12.16.20,0.0
Liaoning-Ev,2025.01.22.00,454.69433100000003
Liaoning-Ev,2025.01.22.04,33.31094
Liaoning-Ev,2025.01.22.08,0.8327735
Liaoning-Ev,2025.01.22.12,120.75215749999998
Liaoning-Ev,2025.01.22.16,0.0
Liaoning-Ev,2025.01.22.20,0.0
Liaoning-Ev,2025.02.08.00,454.69433100000003
Liaoning-Ev,2025.02.08.04,33.31094
Liaoning-Ev,2025.02.08.08,0.8327735
Liaoning-Ev,2025.02.08.12,120.75215749999998
Liaoning-Ev,2025.02.08.16,0.0
Liaoning-Ev,2025.02.08.20,0.0
Liaoning-Ev,2025.03.21.00,454.69433100000015
Liaoning-Ev,2025.03.21.04,33.31094
Liaoning-Ev,2025.03.21.08,0.8327735
Liaoning-Ev,2025.03.21.12,0.0
Liaoning-Ev,2025.03.21.16,0.0
Liaoning-Ev,2025.03.21.20,0.0
Liaoning-Ev,2025.04.11.00,0.0
Liaoning-Ev,2025.04.11.04,33.31094
Liaoning-Ev,2025.04.11.08,0.0
Liaoning-Ev,2025.04.11.12,20.768764210526307
Liaoning-Ev,2025.04.11.16,355.9010957894737
Liaoning-Ev,2025.04.11.20,0.0
Liaoning-Ev,2025.05.22.00,0.0
Liaoning-Ev,2025.05.22.04,33.31094
Liaoning-Ev,2025.05.22.08,0.0
Liaoning-Ev,2025.05.22.12,120.75215749999998
Liaoning-Ev,2025.05.22.16,223.41593513157898
Liaoning-Ev,2025.05.22.20,0.0
Liaoning-Ev,2025.06.16.00,79.94962755263163
Liaoning-Ev,2025.06.16.04,33.31094
Liaoning-Ev,2025.06.16.08,0.8327735
Liaoning-Ev,2025.06.16.12,72.69067473684213
Liaoning-Ev,2025.06.16.16,59.339326315789485
Liaoning-Ev,2025.06.16.20,65.54298315789471
Liaoning-Ev,2025.07.22.00,34.770822289473706
Liaoning-Ev,2025.07.22.04,33.31094
Liaoning-Ev,2025.07.22.08,0.8327735
Liaoning-Ev,2025.07.22.12,120.75215750000001
Liaoning-Ev,2025.07.22.16,60.232787763157944
Liaoning-Ev,2025.07.22.20,65.54298315789471
Liaoning-Ev,2025.08.19.00,310.58742842105266
Liaoning-Ev,2025.08.19.04,0.0
Liaoning-Ev,2025.08.19.08,0.0
Liaoning-Ev,2025.08.19.12,0.0
Liaoning-Ev,2025.08.19.16,0.0
Liaoning-Ev,2025.08.19.20,0.0
Liaoning-Ev,2025.09.20.00,2.157793684210554
Liaoning-Ev,2025.09.20.04,33.31094
Liaoning-Ev,2025.09.20.08,0.8327735
Liaoning-Ev,2025.09.20.12,63.6313128157895
Liaoning-Ev,2025.09.20.16,118.67865263157897
Liaoning-Ev,2025.09.20.20,65.54298315789471
Liaoning-Ev,2025.10.26.00,368.71299578947367
Liaoning-Ev,2025.10.26.04,0.0
Liaoning-Ev,2025.10.26.08,0.0
Liaoning-Ev,2025.10.26.12,0.0
Liaoning-Ev,2025.10.26.16,0.0
Liaoning-Ev,2025.10.26.20,0.0
Liaoning-Ev,2025.11.19.00,454.69433100000015
Liaoning-Ev,2025.11.19.04,33.31094
Liaoning-Ev,2025.11.19.08,0.8327735
Liaoning-Ev,2025.11.19.12,120.75215749999998
Liaoning-Ev,2025.11.19.16,0.0
Liaoning-Ev,2025.11.19.20,0.0
Liaoning-Ev,2025.12.16.00,454.69433100000003
Liaoning-Ev,2025.12.16.04,33.31094
Liaoning-Ev,2025.12.16.08,0.8327735
Liaoning-Ev,2025.12.16.12,120.75215749999998
Liaoning-Ev,2025.12.16.16,0.0
Liaoning-Ev,2025.12.16.20,511.801750631579
Gansu-Ev,2025.01.22.00,0.0
Gansu-Ev,2025.01.22.04,0.0
Gansu-Ev,2025.01.22.08,0.0
Gansu-Ev,2025.01.22.12,0.0
Gansu-Ev,2025.01.22.16,127.35464842105259
Gansu-Ev,2025.01.22.20,0.0
Gansu-Ev,2025.02.08.00,0.0
Gansu-Ev,2025.02.08.04,0.0
Gansu-Ev,2025.02.08.08,0.0
Gansu-Ev,2025.02.08.12,0.0
Gansu-Ev,2025.02.08.16,75.73421052631582
Gansu-Ev,2025.02.08.20,0.0
Gansu-Ev,2025.03.21.00,0.0
Gansu-Ev,2025.03.21.04,0.0
Gansu-Ev,2025.03.21.08,0.0
Gansu-Ev,2025.03.21.12,0.0
Gansu-Ev,2025.03.21.16,0.0
Gansu-Ev,2025.03.21.20,128.99050736842102
Gansu-Ev,2025.04.11.00,0.0
Gansu-Ev,2025.04.11.04,0.0
Gansu-Ev,2025.04.11.08,0.0
Gansu-Ev,2025.04.11.12,0.0
Gansu-Ev,2025.04.11.16,181.943867368421
Gansu-Ev,2025.04.11.20,0.0
Gansu-Ev,2025.05.22.00,0.0
Gansu-Ev,2025.05.22.04,14.965080000000002
Gansu-Ev,2025.05.22.08,0.374127
Gansu-Ev,2025.05.22.12,9.33045473684211
Gansu-Ev,2025.05.22.16,162.00002036842102
Gansu-Ev,2025.05.22.20,0.0
Gansu-Ev,2025.06.16.00,1.4540968421052687
Gansu-Ev,2025.06.16.04,14.965080000000006
Gansu-Ev,2025.06.16.08,0.374127
Gansu-Ev,2025.06.16.12,54.248415
Gansu-Ev,2025.06.16.16,164.04099379052622
Gansu-Ev,2025.06.16.20,0.0
Gansu-Ev,2025.07.22.00,0.0
Gansu-Ev,2025.07.22.04,0.0
Gansu-Ev,2025.07.22.08,0.0
Gansu-Ev,2025.07.22.12,54.248415
Gansu-Ev,2025.07.22.16,370.38572999999997
Gansu-Ev,2025.07.22.20,0.0
Gansu-Ev,2025.08.19.00,0.0
Gansu-Ev,2025.08.19.04,0.0
Gansu-Ev,2025.08.19.08,0.0
Gansu-Ev,2025.08.19.12,0.0
Gansu-Ev,2025.08.19.16,347.6045607564083
Gansu-Ev,2025.08.19.20,0.0
Gansu-Ev,2025.09.20.00,0.0
Gansu-Ev,2025.09.20.04,0.0
Gansu-Ev,2025.09.20.08,0.0
Gansu-Ev,2025.09.20.12,4.66522736842104
Gansu-Ev,2025.09.20.16,142.01679157894728
Gansu-Ev,2025.09.20.20,0.0
Gansu-Ev,2025.10.26.00,76.57183089473682
Gansu-Ev,2025.10.26.04,14.965080000000002
Gansu-Ev,2025.10.26.08,0.374127
Gansu-Ev,2025.10.26.12,18.66090947368422
Gansu-Ev,2025.10.26.16,283.4314326315789
Gansu-Ev,2025.10.26.20,0.0
Gansu-Ev,2025.11.19.00,1.2117473684210571
Gansu-Ev,2025.11.19.04,14.965080000000002
Gansu-Ev,2025.11.19.08,0.0
Gansu-Ev,2025.11.19.12,-9.458744898438454e-10
Gansu-Ev,2025.11.19.16,102.33206526504964
Gansu-Ev,2025.11.19.20,-9.458744898438454e-10
Gansu-Ev,2025.12.16.00,0.0
Gansu-Ev,2025.12.16.04,0.0
Gansu-Ev,2025.12.16.08,0.0
Gansu-Ev,2025.12.16.12,0.0
Gansu-Ev,2025.12.16.16,145.71262105263153
Gansu-Ev,2025.12.16.20,0.0
Ningxia-Ev,2025.01.22.00,50.08048894736842
Ningxia-Ev,2025.01.22.04,0.0
Ningxia-Ev,2025.01.22.08,0.0
Ningxia-Ev,2025.01.22.12,22.92914
Ningxia-Ev,2025.01.22.16,0.0
Ningxia-Ev,2025.01.22.20,0.0
Ningxia-Ev,2025.02.08.00,0.0
Ningxia-Ev,2025.02.08.04,0.0
Ningxia-Ev,2025.02.08.08,0.0
Ningxia-Ev,2025.02.08.12,0.0
Ningxia-Ev,2025.02.08.16,48.68160842105263
Ningxia-Ev,2025.02.08.20,0.0
Ningxia-Ev,2025.03.21.00,0.0
Ningxia-Ev,2025.03.21.04,0.0
Ningxia-Ev,2025.03.21.08,0.0
Ningxia-Ev,2025.03.21.12,10.422627368684202
Ningxia-Ev,2025.03.21.16,-2.6315511173666697e-10
Ningxia-Ev,2025.03.21.20,29.88502736842105
Ningxia-Ev,2025.04.11.00,0.0
Ningxia-Ev,2025.04.11.04,6.325279999999999
Ningxia-Ev,2025.04.11.08,0.158132
Ningxia-Ev,2025.04.11.12,9.85924210526316
Ningxia-Ev,2025.04.11.16,40.7897332631579
Ningxia-Ev,2025.04.11.20,0.0
Ningxia-Ev,2025.05.22.00,0.0
Ningxia-Ev,2025.05.22.04,0.0
Ningxia-Ev,2025.05.22.08,0.158132
Ningxia-Ev,2025.05.22.12,1.9718484210526293
Ningxia-Ev,2025.05.22.16,19.718484210526306
Ningxia-Ev,2025.05.22.20,29.752503789473693
Ningxia-Ev,2025.06.16.00,0.0
Ningxia-Ev,2025.06.16.04,0.0
Ningxia-Ev,2025.06.16.08,0.0
Ningxia-Ev,2025.06.16.12,0.0
Ningxia-Ev,2025.06.16.16,43.68796631578948
Ningxia-Ev,2025.06.16.20,0.0
Ningxia-Ev,2025.07.22.00,0.0
Ningxia-Ev,2025.07.22.04,0.0
Ningxia-Ev,2025.07.22.08,0.0
Ningxia-Ev,2025.07.22.12,0.0
Ningxia-Ev,2025.07.22.16,77.47003894736842
Ningxia-Ev,2025.07.22.20,0.0
Ningxia-Ev,2025.08.19.00,0.0
Ningxia-Ev,2025.08.19.04,0.0
Ningxia-Ev,2025.08.19.08,0.0
Ningxia-Ev,2025.08.19.12,0.0
Ningxia-Ev,2025.08.19.16,41.808091579999996
Ningxia-Ev,2025.08.19.20,0.0
Ningxia-Ev,2025.09.20.00,0.0
Ningxia-Ev,2025.09.20.04,6.325279999999999
Ningxia-Ev,2025.09.20.08,0.158132
Ningxia-Ev,2025.09.20.12,7.887393684210531
Ningxia-Ev,2025.09.20.16,25.352336842105267
Ningxia-Ev,2025.09.20.20,46.80771221052632
Ningxia-Ev,2025.10.26.00,0.0
Ningxia-Ev,2025.10.26.04,0.0
Ningxia-Ev,2025.10.26.08,0.0
Ningxia-Ev,2025.10.26.12,0.0
Ningxia-Ev,2025.10.26.16,79.36049684210526
Ningxia-Ev,2025.10.26.20,0.0
Ningxia-Ev,2025.11.19.00,0.0
Ningxia-Ev,2025.11.19.04,0.0
Ningxia-Ev,2025.11.19.08,0.0
Ningxia-Ev,2025.11.19.12,0.0
Ningxia-Ev,2025.11.19.16,56.5177852631579
Ningxia-Ev,2025.11.19.20,0.0
Ningxia-Ev,2025.12.16.00,0.0
Ningxia-Ev,2025.12.16.04,0.0
Ningxia-Ev,2025.12.16.08,0.0
Ningxia-Ev,2025.12.16.12,0.0
Ningxia-Ev,2025.12.16.16,42.074635789473675
Ningxia-Ev,2025.12.16.20,0.0
Qinghai-Ev,2025.01.22.00,0.0
Qinghai-Ev,2025.01.22.04,0.0
Qinghai-Ev,2025.01.22.08,0.0
Qinghai-Ev,2025.01.22.12,0.0
Qinghai-Ev,2025.01.22.16,28.98344842105263
Qinghai-Ev,2025.01.22.20,0.0
Qinghai-Ev,2025.02.08.00,0.0
Qinghai-Ev,2025.02.08.04,0.0
Qinghai-Ev,2025.02.08.08,0.0
Qinghai-Ev,2025.02.08.12,0.0
Qinghai-Ev,2025.02.08.16,40.62771789473683
Qinghai-Ev,2025.02.08.20,0.0
Qinghai-Ev,2025.03.21.00,0.0
Qinghai-Ev,2025.03.21.04,2.8173600000000003
Qinghai-Ev,2025.03.21.08,0.070434
Qinghai-Ev,2025.03.21.12,10.212929999999998
Qinghai-Ev,2025.03.21.16,16.042412842105207
Qinghai-Ev,2025.03.21.20,0.0
Qinghai-Ev,2025.04.11.00,0.0
Qinghai-Ev,2025.04.11.04,0.0
Qinghai-Ev,2025.04.11.08,0.0
Qinghai-Ev,2025.04.11.12,0.0
Qinghai-Ev,2025.04.11.16,24.181389473684213
Qinghai-Ev,2025.04.11.20,0.0
Qinghai-Ev,2025.05.22.00,0.0
Qinghai-Ev,2025.05.22.04,0.0
Qinghai-Ev,2025.05.22.08,0.0
Qinghai-Ev,2025.05.22.12,10.212930000947381
Qinghai-Ev,2025.05.22.16,62.59197947273424
Qinghai-Ev,2025.05.22.20,0.0
Qinghai-Ev,2025.06.16.00,0.0
Qinghai-Ev,2025.06.16.04,0.0
Qinghai-Ev,2025.06.16.08,0.070434
Qinghai-Ev,2025.06.16.12,10.212929999999998
Qinghai-Ev,2025.06.16.16,32.52453915789471
Qinghai-Ev,2025.06.16.20,0.0
Qinghai-Ev,2025.07.22.00,0.0
Qinghai-Ev,2025.07.22.04,0.0
Qinghai-Ev,2025.07.22.08,0.0
Qinghai-Ev,2025.07.22.12,10.212929999999998
Qinghai-Ev,2025.07.22.16,69.72966000000001
Qinghai-Ev,2025.07.22.20,0.0
Qinghai-Ev,2025.08.19.00,0.0
Qinghai-Ev,2025.08.19.04,0.0
Qinghai-Ev,2025.08.19.08,0.0
Qinghai-Ev,2025.08.19.12,10.212929999999998
Qinghai-Ev,2025.08.19.16,69.72966000000001
Qinghai-Ev,2025.08.19.20,0.0
Qinghai-Ev,2025.09.20.00,0.0
Qinghai-Ev,2025.09.20.04,0.0
Qinghai-Ev,2025.09.20.08,0.0
Qinghai-Ev,2025.09.20.12,10.212929999999998
Qinghai-Ev,2025.09.20.16,69.72966000000001
Qinghai-Ev,2025.09.20.20,0.0
Qinghai-Ev,2025.10.26.00,0.0
Qinghai-Ev,2025.10.26.04,0.0
Qinghai-Ev,2025.10.26.08,0.0
Qinghai-Ev,2025.10.26.12,10.21293
Qinghai-Ev,2025.10.26.16,61.109297368421046
Qinghai-Ev,2025.10.26.20,0.0
Qinghai-Ev,2025.11.19.00,0.0
Qinghai-Ev,2025.11.19.04,0.0
Qinghai-Ev,2025.11.19.08,0.0
Qinghai-Ev,2025.11.19.12,0.0
Qinghai-Ev,2025.11.19.16,14.736959999999993
Qinghai-Ev,2025.11.19.20,0.0
Qinghai-Ev,2025.12.16.00,0.0
Qinghai-Ev,2025.12.16.04,0.0
Qinghai-Ev,2025.12.16.08,0.0
Qinghai-Ev,2025.12.16.12,0.0
Qinghai-Ev,2025.12.16.16,58.51268210631579
Qinghai-Ev,2025.12.16.20,0.0
Shaanxi-Ev,2025.01.22.00,0.0
Shaanxi-Ev,2025.01.22.04,0.0
Shaanxi-Ev,2025.01.22.08,0.0
Shaanxi-Ev,2025.01.22.12,0.0
Shaanxi-Ev,2025.01.22.16,0.0
Shaanxi-Ev,2025.01.22.20,752.9587452631578
Shaanxi-Ev,2025.02.08.00,0.0
Shaanxi-Ev,2025.02.08.04,0.0
Shaanxi-Ev,2025.02.08.08,0.0
Shaanxi-Ev,2025.02.08.12,0.0
Shaanxi-Ev,2025.02.08.16,568.9083694736842
Shaanxi-Ev,2025.02.08.20,0.0
Shaanxi-Ev,2025.03.21.00,0.0
Shaanxi-Ev,2025.03.21.04,0.0
Shaanxi-Ev,2025.03.21.08,0.0
Shaanxi-Ev,2025.03.21.12,0.0
Shaanxi-Ev,2025.03.21.16,0.0
Shaanxi-Ev,2025.03.21.20,610.8014747368421
Shaanxi-Ev,2025.04.11.00,0.0
Shaanxi-Ev,2025.04.11.04,0.0
Shaanxi-Ev,2025.04.11.08,0.0
Shaanxi-Ev,2025.04.11.12,0.0
Shaanxi-Ev,2025.04.11.16,230.97065368421045
Shaanxi-Ev,2025.04.11.20,0.0
Shaanxi-Ev,2025.05.22.00,0.0
Shaanxi-Ev,2025.05.22.04,0.0
Shaanxi-Ev,2025.05.22.08,1.7245994999999998
Shaanxi-Ev,2025.05.22.12,250.06692750000005
Shaanxi-Ev,2025.05.22.16,317.11684247368447
Shaanxi-Ev,2025.05.22.20,0.0
Shaanxi-Ev,2025.06.16.00,0.0
Shaanxi-Ev,2025.06.16.04,0.0
Shaanxi-Ev,2025.06.16.08,1.7245994999999998
Shaanxi-Ev,2025.06.16.12,0.0
Shaanxi-Ev,2025.06.16.16,501.2719510263155
Shaanxi-Ev,2025.06.16.20,0.0
Shaanxi-Ev,2025.07.22.00,0.0
Shaanxi-Ev,2025.07.22.04,0.0
Shaanxi-Ev,2025.07.22.08,0.0
Shaanxi-Ev,2025.07.22.12,0.0
Shaanxi-Ev,2025.07.22.16,797.1163231578946
Shaanxi-Ev,2025.07.22.20,0.0
Shaanxi-Ev,2025.08.19.00,0.0
Shaanxi-Ev,2025.08.19.04,68.98398
Shaanxi-Ev,2025.08.19.08,1.7245994999999998
Shaanxi-Ev,2025.08.19.12,0.0
Shaanxi-Ev,2025.08.19.16,463.0095815526315
Shaanxi-Ev,2025.08.19.20,0.0
Shaanxi-Ev,2025.09.20.00,0.0
Shaanxi-Ev,2025.09.20.04,68.98398
Shaanxi-Ev,2025.09.20.08,0.0
Shaanxi-Ev,2025.09.20.12,0.0
Shaanxi-Ev,2025.09.20.16,423.95822526315806
Shaanxi-Ev,2025.09.20.20,0.0
Shaanxi-Ev,2025.10.26.00,0.0
Shaanxi-Ev,2025.10.26.04,68.98398
Shaanxi-Ev,2025.10.26.08,0.0
Shaanxi-Ev,2025.10.26.12,0.0
Shaanxi-Ev,2025.10.26.16,92.1648315789474
Shaanxi-Ev,2025.10.26.20,497.4108031578947
Shaanxi-Ev,2025.11.19.00,324.4996627119035
Shaanxi-Ev,2025.11.19.04,61.9851798933596
Shaanxi-Ev,2025.11.19.08,1.7245994999999998
Shaanxi-Ev,2025.11.19.12,21.505127368421103
Shaanxi-Ev,2025.11.19.16,198.8526063157894
Shaanxi-Ev,2025.11.19.20,0.0
Shaanxi-Ev,2025.12.16.00,125.35115313157897
Shaanxi-Ev,2025.12.16.04,68.98398
Shaanxi-Ev,2025.12.16.08,1.7245994999999998
Shaanxi-Ev,2025.12.16.12,250.0669275
Shaanxi-Ev,2025.12.16.16,0.0
Shaanxi-Ev,2025.12.16.20,128.36745671052648
Xinjiang-Ev,2025.01.22.00,33.8515200263158
Xinjiang-Ev,2025.01.22.04,0.0
Xinjiang-Ev,2025.01.22.08,0.3004105
Xinjiang-Ev,2025.01.22.12,43.55952249999999
Xinjiang-Ev,2025.01.22.16,17.49556697368422
Xinjiang-Ev,2025.01.22.20,0.0
Xinjiang-Ev,2025.02.08.00,61.192524236842104
Xinjiang-Ev,2025.02.08.04,12.01642
Xinjiang-Ev,2025.02.08.08,0.3004105
Xinjiang-Ev,2025.02.08.12,18.730047368421047
Xinjiang-Ev,2025.02.08.16,21.40576842105262
Xinjiang-Ev,2025.02.08.20,0.0
Xinjiang-Ev,2025.03.21.00,0.0
Xinjiang-Ev,2025.03.21.04,12.01642
Xinjiang-Ev,2025.03.21.08,0.0
Xinjiang-Ev,2025.03.21.12,0.0
Xinjiang-Ev,2025.03.21.16,85.57442421052627
Xinjiang-Ev,2025.03.21.20,0.0
Xinjiang-Ev,2025.04.11.00,48.3004137105263
Xinjiang-Ev,2025.04.11.04,12.01642
Xinjiang-Ev,2025.04.11.08,0.3004105
Xinjiang-Ev,2025.04.11.12,0.0
Xinjiang-Ev,2025.04.11.16,5.351442105263147
Xinjiang-Ev,2025.04.11.20,39.40607368421053
Xinjiang-Ev,2025.05.22.00,0.0
Xinjiang-Ev,2025.05.22.04,0.0
Xinjiang-Ev,2025.05.22.08,0.0
Xinjiang-Ev,2025.05.22.12,0.0
Xinjiang-Ev,2025.05.22.16,144.7808336842105
Xinjiang-Ev,2025.05.22.20,0.0
Xinjiang-Ev,2025.06.16.00,60.997926342105266
Xinjiang-Ev,2025.06.16.04,12.01642
Xinjiang-Ev,2025.06.16.08,0.3004105
Xinjiang-Ev,2025.06.16.12,3.7460094736842033
Xinjiang-Ev,2025.06.16.16,66.4551810526316
Xinjiang-Ev,2025.06.16.20,0.0
Xinjiang-Ev,2025.07.22.00,0.0
Xinjiang-Ev,2025.07.22.04,0.0
Xinjiang-Ev,2025.07.22.08,0.0
Xinjiang-Ev,2025.07.22.12,0.0
Xinjiang-Ev,2025.07.22.16,150.84056578947366
Xinjiang-Ev,2025.07.22.20,0.0
Xinjiang-Ev,2025.08.19.00,0.0
Xinjiang-Ev,2025.08.19.04,0.0
Xinjiang-Ev,2025.08.19.08,0.0
Xinjiang-Ev,2025.08.19.12,0.0
Xinjiang-Ev,2025.08.19.16,140.6942778947368
Xinjiang-Ev,2025.08.19.20,0.0
Xinjiang-Ev,2025.09.20.00,52.58156739473685
Xinjiang-Ev,2025.09.20.04,12.01642
Xinjiang-Ev,2025.09.20.08,0.3004105
Xinjiang-Ev,2025.09.20.12,0.0
Xinjiang-Ev,2025.09.20.16,11.821822105263152
Xinjiang-Ev,2025.09.20.20,0.0
Xinjiang-Ev,2025.10.26.00,125.01043444252173
Xinjiang-Ev,2025.10.26.04,12.01642
Xinjiang-Ev,2025.10.26.08,0.0
Xinjiang-Ev,2025.10.26.12,0.0
Xinjiang-Ev,2025.10.26.16,0.0
Xinjiang-Ev,2025.10.26.20,7.802628715373061
Xinjiang-Ev,2025.11.19.00,37.35428213157894
Xinjiang-Ev,2025.11.19.04,12.01642
Xinjiang-Ev,2025.11.19.08,0.3004105
Xinjiang-Ev,2025.11.19.12,43.55952249999999
Xinjiang-Ev,2025.11.19.16,0.8087974999999926
Xinjiang-Ev,2025.11.19.20,0.0
Xinjiang-Ev,2025.12.16.00,0.0
Xinjiang-Ev,2025.12.16.04,8.31054634210529
Xinjiang-Ev,2025.12.16.08,0.3004105
Xinjiang-Ev,2025.12.16.12,33.71408526315789
Xinjiang-Ev,2025.12.16.16,5.351442105263147
Xinjiang-Ev,2025.12.16.20,20.8706242105263
Guangdong-Ev,2025.01.22.00,253.70738815789355
Guangdong-Ev,2025.01.22.04,519.5086000000001
Guangdong-Ev,2025.01.22.08,0.0
Guangdong-Ev,2025.01.22.12,1883.2186749999998
Guangdong-Ev,2025.01.22.16,0.0
Guangdong-Ev,2025.01.22.20,0.0
Guangdong-Ev,2025.02.08.00,0.0
Guangdong-Ev,2025.02.08.04,519.5086
Guangdong-Ev,2025.02.08.08,12.987715
Guangdong-Ev,2025.02.08.12,1883.2186749999998
Guangdong-Ev,2025.02.08.16,3661.604902217846
Guangdong-Ev,2025.02.08.20,411.2794235716319
Guangdong-Ev,2025.03.21.00,0.0
Guangdong-Ev,2025.03.21.04,491.3379323412955
Guangdong-Ev,2025.03.21.08,0.0
Guangdong-Ev,2025.03.21.12,1883.2186749999998
Guangdong-Ev,2025.03.21.16,0.0
Guangdong-Ev,2025.03.21.20,784.5604663429149
Guangdong-Ev,2025.04.11.00,42.06547368421046
Guangdong-Ev,2025.04.11.04,50.47856842105255
Guangdong-Ev,2025.04.11.08,12.987715
Guangdong-Ev,2025.04.11.12,1883.2186750000003
Guangdong-Ev,2025.04.11.16,165.00182052631556
Guangdong-Ev,2025.04.11.20,0.0
Guangdong-Ev,2025.05.22.00,0.0
Guangdong-Ev,2025.05.22.04,0.0
Guangdong-Ev,2025.05.22.08,12.987715
Guangdong-Ev,2025.05.22.12,1883.2186750000003
Guangdong-Ev,2025.05.22.16,2804.6374710526325
Guangdong-Ev,2025.05.22.20,0.0
Guangdong-Ev,2025.06.16.00,577.6939865415193
Guangdong-Ev,2025.06.16.04,519.5086
Guangdong-Ev,2025.06.16.08,12.987715
Guangdong-Ev,2025.06.16.12,1883.2186750000003
Guangdong-Ev,2025.06.16.16,0.0
Guangdong-Ev,2025.06.16.20,1909.3423024058493
Guangdong-Ev,2025.07.22.00,901.2832498679855
Guangdong-Ev,2025.07.22.04,519.5086
Guangdong-Ev,2025.07.22.08,12.987715
Guangdong-Ev,2025.07.22.12,1883.2186749999998
Guangdong-Ev,2025.07.22.16,0.0
Guangdong-Ev,2025.07.22.20,1465.866439079371
Guangdong-Ev,2025.08.19.00,1355.4547257894728
Guangdong-Ev,2025.08.19.04,519.5086
Guangdong-Ev,2025.08.19.08,12.987715
Guangdong-Ev,2025.08.19.12,1883.2186749999998
Guangdong-Ev,2025.08.19.16,0.0
Guangdong-Ev,2025.08.19.20,170.36516842105283
Guangdong-Ev,2025.09.20.00,0.0
Guangdong-Ev,2025.09.20.04,371.9113692105262
Guangdong-Ev,2025.09.20.08,12.987715
Guangdong-Ev,2025.09.20.12,1883.2186749999998
Guangdong-Ev,2025.09.20.16,0.0
Guangdong-Ev,2025.09.20.20,653.329388157894
Guangdong-Ev,2025.10.26.00,0.0
Guangdong-Ev,2025.10.26.04,519.5086
Guangdong-Ev,2025.10.26.08,12.987715
Guangdong-Ev,2025.10.26.12,1883.2186749999998
Guangdong-Ev,2025.10.26.16,1101.326682894737
Guangdong-Ev,2025.10.26.20,2994.693653421052
Guangdong-Ev,2025.11.19.00,810.7232692260533
Guangdong-Ev,2025.11.19.04,519.5086
Guangdong-Ev,2025.11.19.08,12.987715
Guangdong-Ev,2025.11.19.12,1883.2186749999998
Guangdong-Ev,2025.11.19.16,2040.4176618404945
Guangdong-Ev,2025.11.19.20,2353.3046368281866
Guangdong-Ev,2025.12.16.00,630.1933776315797
Guangdong-Ev,2025.12.16.04,519.5086
Guangdong-Ev,2025.12.16.08,0.0
Guangdong-Ev,2025.12.16.12,1883.2186749999998
Guangdong-Ev,2025.12.16.16,0.0
Guangdong-Ev,2025.12.16.20,0.0
Guangxi-Ev,2025.01.22.00,826.4123288843211
Guangxi-Ev,2025.01.22.04,113.41642
Guangxi-Ev,2025.01.22.08,2.8354105
Guangxi-Ev,2025.01.22.12,0.0
Guangxi-Ev,2025.01.22.16,5.533845878836928
Guangxi-Ev,2025.01.22.20,223.15943368421046
Guangxi-Ev,2025.02.08.00,436.50398486842107
Guangxi-Ev,2025.02.08.04,0.0
Guangxi-Ev,2025.02.08.08,0.0
Guangxi-Ev,2025.02.08.12,411.13452249999995
Guangxi-Ev,2025.02.08.16,0.0
Guangxi-Ev,2025.02.08.20,0.0
Guangxi-Ev,2025.03.21.00,662.5103084473685
Guangxi-Ev,2025.03.21.04,113.41642
Guangxi-Ev,2025.03.21.08,2.8354105
Guangxi-Ev,2025.03.21.12,212.13921473684206
Guangxi-Ev,2025.03.21.16,357.4246918788358
Guangxi-Ev,2025.03.21.20,243.17724075274327
Guangxi-Ev,2025.04.11.00,510.5231221315789
Guangxi-Ev,2025.04.11.04,113.41642
Guangxi-Ev,2025.04.11.08,2.8354105
Guangxi-Ev,2025.04.11.12,35.356535789473796
Guangxi-Ev,2025.04.11.16,528.9705094736842
Guangxi-Ev,2025.04.11.20,0.0
Guangxi-Ev,2025.05.22.00,775.5479084210527
Guangxi-Ev,2025.05.22.04,113.41642
Guangxi-Ev,2025.05.22.08,0.0
Guangxi-Ev,2025.05.22.12,0.0
Guangxi-Ev,2025.05.22.16,0.0
Guangxi-Ev,2025.05.22.20,334.7391505263158
Guangxi-Ev,2025.06.16.00,1477.4311801169815
Guangxi-Ev,2025.06.16.04,113.41642
Guangxi-Ev,2025.06.16.08,2.8354105
Guangxi-Ev,2025.06.16.12,0.0
Guangxi-Ev,2025.06.16.16,0.0
Guangxi-Ev,2025.06.16.20,0.0
Guangxi-Ev,2025.07.22.00,1548.1341330000002
Guangxi-Ev,2025.07.22.04,113.41642
Guangxi-Ev,2025.07.22.08,2.8354105
Guangxi-Ev,2025.07.22.12,411.13452249999995
Guangxi-Ev,2025.07.22.16,0.0
Guangxi-Ev,2025.07.22.20,0.0
Guangxi-Ev,2025.08.19.00,1548.1341330000007
Guangxi-Ev,2025.08.19.04,113.41642
Guangxi-Ev,2025.08.19.08,2.8354105
Guangxi-Ev,2025.08.19.12,0.0
Guangxi-Ev,2025.08.19.16,0.0
Guangxi-Ev,2025.08.19.20,0.0
Guangxi-Ev,2025.09.20.00,696.9484926578946
Guangxi-Ev,2025.09.20.04,113.41642
Guangxi-Ev,2025.09.20.08,2.8354105
Guangxi-Ev,2025.09.20.12,0.0
Guangxi-Ev,2025.09.20.16,388.0035421052633
Guangxi-Ev,2025.09.20.20,0.0
Guangxi-Ev,2025.10.26.00,573.9697368421057
Guangxi-Ev,2025.10.26.04,113.41642
Guangxi-Ev,2025.10.26.08,0.0
Guangxi-Ev,2025.10.26.12,141.4261431578947
Guangxi-Ev,2025.10.26.16,202.03734736842114
Guangxi-Ev,2025.10.26.20,223.15943368421046
Guangxi-Ev,2025.11.19.00,369.09697897368414
Guangxi-Ev,2025.11.19.04,113.41642
Guangxi-Ev,2025.11.19.08,2.8354105
Guangxi-Ev,2025.11.19.12,50.509336842105284
Guangxi-Ev,2025.11.19.16,0.0
Guangxi-Ev,2025.11.19.20,0.0
Guangxi-Ev,2025.12.16.00,562.2377954210529
Guangxi-Ev,2025.12.16.04,113.41642
Guangxi-Ev,2025.12.16.08,2.8354105
Guangxi-Ev,2025.12.16.12,411.13452249999995
Guangxi-Ev,2025.12.16.16,0.0
Guangxi-Ev,2025.12.16.20,0.0
Guizhou-Ev,2025.01.22.00,0.0
Guizhou-Ev,2025.01.22.04,0.0
Guizhou-Ev,2025.01.22.08,1.1211395
Guizhou-Ev,2025.01.22.12,83.88120631578946
Guizhou-Ev,2025.01.22.16,472.753207868421
Guizhou-Ev,2025.01.22.20,0.0
Guizhou-Ev,2025.02.08.00,0.0
Guizhou-Ev,2025.02.08.04,0.0
Guizhou-Ev,2025.02.08.08,0.0
Guizhou-Ev,2025.02.08.12,0.0
Guizhou-Ev,2025.02.08.16,1109.9281050000002
Guizhou-Ev,2025.02.08.20,0.0
Guizhou-Ev,2025.03.21.00,0.0
Guizhou-Ev,2025.03.21.04,0.0
Guizhou-Ev,2025.03.21.08,1.1211395
Guizhou-Ev,2025.03.21.12,0.0
Guizhou-Ev,2025.03.21.16,422.4607962894738
Guizhou-Ev,2025.03.21.20,0.0
Guizhou-Ev,2025.04.11.00,167.7624126315789
Guizhou-Ev,2025.04.11.04,44.84558
Guizhou-Ev,2025.04.11.08,0.0
Guizhou-Ev,2025.04.11.12,0.0
Guizhou-Ev,2025.04.11.16,182.83198
Guizhou-Ev,2025.04.11.20,0.0
Guizhou-Ev,2025.05.22.00,200.08028000000002
Guizhou-Ev,2025.05.22.04,0.0
Guizhou-Ev,2025.05.22.08,0.0
Guizhou-Ev,2025.05.22.12,0.0
Guizhou-Ev,2025.05.22.16,0.0
Guizhou-Ev,2025.05.22.20,14.70644526315793
Guizhou-Ev,2025.06.16.00,272.88626210526314
Guizhou-Ev,2025.06.16.04,44.84558
Guizhou-Ev,2025.06.16.08,0.0
Guizhou-Ev,2025.06.16.12,0.0
Guizhou-Ev,2025.06.16.16,0.0
Guizhou-Ev,2025.06.16.20,102.94511684210526
Guizhou-Ev,2025.07.22.00,612.142167
Guizhou-Ev,2025.07.22.04,44.84558
Guizhou-Ev,2025.07.22.08,1.1211395
Guizhou-Ev,2025.07.22.12,162.56522750000002
Guizhou-Ev,2025.07.22.16,671.2231544210524
Guizhou-Ev,2025.07.22.20,0.0
Guizhou-Ev,2025.08.19.00,612.142167
Guizhou-Ev,2025.08.19.04,44.84558
Guizhou-Ev,2025.08.19.08,1.1211395
Guizhou-Ev,2025.08.19.12,162.56522750000002
Guizhou-Ev,2025.08.19.16,238.74472705263133
Guizhou-Ev,2025.08.19.20,0.0
Guizhou-Ev,2025.09.20.00,116.5304226052632
Guizhou-Ev,2025.09.20.04,44.845580000000005
Guizhou-Ev,2025.09.20.08,1.1211395
Guizhou-Ev,2025.09.20.12,0.0
Guizhou-Ev,2025.09.20.16,218.59950736842103
Guizhou-Ev,2025.09.20.20,0.0
Guizhou-Ev,2025.10.26.00,32.862550526315914
Guizhou-Ev,2025.10.26.04,44.84558
Guizhou-Ev,2025.10.26.08,0.0
Guizhou-Ev,2025.10.26.12,0.0
Guizhou-Ev,2025.10.26.16,133.44737368421048
Guizhou-Ev,2025.10.26.20,0.0
Guizhou-Ev,2025.11.19.00,275.0332215526316
Guizhou-Ev,2025.11.19.04,0.0
Guizhou-Ev,2025.11.19.08,1.1211395
Guizhou-Ev,2025.11.19.12,55.92080421052634
Guizhou-Ev,2025.11.19.16,199.71715789473686
Guizhou-Ev,2025.11.19.20,102.94511684210526
Guizhou-Ev,2025.12.16.00,54.43654260526318
Guizhou-Ev,2025.12.16.04,44.84558
Guizhou-Ev,2025.12.16.08,1.1211395
Guizhou-Ev,2025.12.16.12,125.82180947368418
Guizhou-Ev,2025.12.16.16,148.15381894736845
Guizhou-Ev,2025.12.16.20,0.0
Hainan-Ev,2025.01.22.00,0.0
Hainan-Ev,2025.01.22.04,10.402650146023234
Hainan-Ev,2025.01.22.08,1.2098255000000002
Hainan-Ev,2025.01.22.12,150.86083157894737
Hainan-Ev,2025.01.22.16,273.25979593292413
Hainan-Ev,2025.01.22.20,0.0
Hainan-Ev,2025.02.08.00,0.0
Hainan-Ev,2025.02.08.04,0.0
Hainan-Ev,2025.02.08.08,0.0
Hainan-Ev,2025.02.08.12,175.42469749999998
Hainan-Ev,2025.02.08.16,642.5390236253957
Hainan-Ev,2025.02.08.20,0.0
Hainan-Ev,2025.03.21.00,0.0
Hainan-Ev,2025.03.21.04,48.39302
Hainan-Ev,2025.03.21.08,0.0
Hainan-Ev,2025.03.21.12,0.0
Hainan-Ev,2025.03.21.16,387.12592330620055
Hainan-Ev,2025.03.21.20,0.0
Hainan-Ev,2025.04.11.00,123.02138929493393
Hainan-Ev,2025.04.11.04,0.0
Hainan-Ev,2025.04.11.08,1.2098255000000002
Hainan-Ev,2025.04.11.12,175.42469749999998
Hainan-Ev,2025.04.11.16,155.08173717875047
Hainan-Ev,2025.04.11.20,0.0
Hainan-Ev,2025.05.22.00,56.137781285729034
Hainan-Ev,2025.05.22.04,48.39302
Hainan-Ev,2025.05.22.08,1.2098255000000002
Hainan-Ev,2025.05.22.12,175.42469749999998
Hainan-Ev,2025.05.22.16,495.7690578195334
Hainan-Ev,2025.05.22.20,0.0
Hainan-Ev,2025.06.16.00,96.48437467516945
Hainan-Ev,2025.06.16.04,48.39302
Hainan-Ev,2025.06.16.08,1.2098255000000002
Hainan-Ev,2025.06.16.12,175.42469749999998
Hainan-Ev,2025.06.16.16,355.0107465353567
Hainan-Ev,2025.06.16.20,0.0
Hainan-Ev,2025.07.22.00,0.0
Hainan-Ev,2025.07.22.04,48.39302
Hainan-Ev,2025.07.22.08,1.2098255000000002
Hainan-Ev,2025.07.22.12,175.42469749999998
Hainan-Ev,2025.07.22.16,335.1823932373327
Hainan-Ev,2025.07.22.20,0.0
Hainan-Ev,2025.08.19.00,0.0
Hainan-Ev,2025.08.19.04,48.39302
Hainan-Ev,2025.08.19.08,1.2098255000000002
Hainan-Ev,2025.08.19.12,115.36565874839926
Hainan-Ev,2025.08.19.16,179.2364762343177
Hainan-Ev,2025.08.19.20,0.0
Hainan-Ev,2025.09.20.00,294.438219763158
Hainan-Ev,2025.09.20.04,0.0
Hainan-Ev,2025.09.20.08,1.2098255000000002
Hainan-Ev,2025.09.20.12,175.4246975
Hainan-Ev,2025.09.20.16,393.43929092105265
Hainan-Ev,2025.09.20.20,0.0
Hainan-Ev,2025.10.26.00,0.0
Hainan-Ev,2025.10.26.04,48.39302
Hainan-Ev,2025.10.26.08,1.2098255000000002
Hainan-Ev,2025.10.26.12,128.79147298820772
Hainan-Ev,2025.10.26.16,196.69664218866546
Hainan-Ev,2025.10.26.20,270.67176774417953
Hainan-Ev,2025.11.19.00,1.5673852631578866
Hainan-Ev,2025.11.19.04,48.39302
Hainan-Ev,2025.11.19.08,1.2098255000000002
Hainan-Ev,2025.11.19.12,175.42469749999998
Hainan-Ev,2025.11.19.16,257.5311948947369
Hainan-Ev,2025.11.19.20,0.0
Hainan-Ev,2025.12.16.00,53.64865871052633
Hainan-Ev,2025.12.16.04,48.39302
Hainan-Ev,2025.12.16.08,1.2098255000000002
Hainan-Ev,2025.12.16.12,175.42469749999998
Hainan-Ev,2025.12.16.16,127.47250460526318
Hainan-Ev,2025.12.16.20,0.0
Yunnan-Ev,2025.01.22.00,0.0
Yunnan-Ev,2025.01.22.04,0.0
Yunnan-Ev,2025.01.22.08,0.0
Yunnan-Ev,2025.01.22.12,201.17851000000005
Yunnan-Ev,2025.01.22.16,1373.5636200000001
Yunnan-Ev,2025.01.22.20,0.0
Yunnan-Ev,2025.02.08.00,0.0
Yunnan-Ev,2025.02.08.04,0.0
Yunnan-Ev,2025.02.08.08,0.0
Yunnan-Ev,2025.02.08.12,0.0
Yunnan-Ev,2025.02.08.16,1373.5636200000001
Yunnan-Ev,2025.02.08.20,0.0
Yunnan-Ev,2025.03.21.00,208.91895357894742
Yunnan-Ev,2025.03.21.04,55.497519999999994
Yunnan-Ev,2025.03.21.08,1.3874380000000002
Yunnan-Ev,2025.03.21.12,201.17851000000005
Yunnan-Ev,2025.03.21.16,58.334184736842005
Yunnan-Ev,2025.03.21.20,181.99591578947366
Yunnan-Ev,2025.04.11.00,4.493726315789493
Yunnan-Ev,2025.04.11.04,4.044353684210507
Yunnan-Ev,2025.04.11.08,1.3874380000000002
Yunnan-Ev,2025.04.11.12,201.17851
Yunnan-Ev,2025.04.11.16,0.0
Yunnan-Ev,2025.04.11.20,12.234169894736862
Yunnan-Ev,2025.05.22.00,0.0
Yunnan-Ev,2025.05.22.04,0.0
Yunnan-Ev,2025.05.22.08,0.0
Yunnan-Ev,2025.05.22.12,0.0
Yunnan-Ev,2025.05.22.16,0.0
Yunnan-Ev,2025.05.22.20,448.47388631578974
Yunnan-Ev,2025.06.16.00,0.0
Yunnan-Ev,2025.06.16.04,0.0
Yunnan-Ev,2025.06.16.08,1.3874380000000002
Yunnan-Ev,2025.06.16.12,201.17851
Yunnan-Ev,2025.06.16.16,1373.5636200000004
Yunnan-Ev,2025.06.16.20,0.0
Yunnan-Ev,2025.07.22.00,757.541148
Yunnan-Ev,2025.07.22.04,55.497519999999994
Yunnan-Ev,2025.07.22.08,1.3874380000000002
Yunnan-Ev,2025.07.22.12,0.0
Yunnan-Ev,2025.07.22.16,140.3086097894734
Yunnan-Ev,2025.07.22.20,0.0
Yunnan-Ev,2025.08.19.00,313.3138330526316
Yunnan-Ev,2025.08.19.04,55.497519999999994
Yunnan-Ev,2025.08.19.08,1.3874380000000002
Yunnan-Ev,2025.08.19.12,201.17851
Yunnan-Ev,2025.08.19.16,0.0
Yunnan-Ev,2025.08.19.20,0.0
Yunnan-Ev,2025.09.20.00,430.2349746315789
Yunnan-Ev,2025.09.20.04,0.0
Yunnan-Ev,2025.09.20.08,1.3874380000000002
Yunnan-Ev,2025.09.20.12,0.0
Yunnan-Ev,2025.09.20.16,0.0
Yunnan-Ev,2025.09.20.20,145.596732631579
Yunnan-Ev,2025.10.26.00,0.0
Yunnan-Ev,2025.10.26.04,55.497519999999994
Yunnan-Ev,2025.10.26.08,1.3874380000000002
Yunnan-Ev,2025.10.26.12,201.17851
Yunnan-Ev,2025.10.26.16,336.681209894737
Yunnan-Ev,2025.10.26.20,0.0
Yunnan-Ev,2025.11.19.00,0.0
Yunnan-Ev,2025.11.19.04,55.497519999999994
Yunnan-Ev,2025.11.19.08,1.3874380000000002
Yunnan-Ev,2025.11.19.12,201.17851
Yunnan-Ev,2025.11.19.16,0.0
Yunnan-Ev,2025.11.19.20,445.2047004210526
Yunnan-Ev,2025.12.16.00,0.0
Yunnan-Ev,2025.12.16.04,0.0
Yunnan-Ev,2025.12.16.08,1.3874380000000002
Yunnan-Ev,2025.12.16.12,201.17851
Yunnan-Ev,2025.12.16.16,177.82798463157883
Yunnan-Ev,2025.12.16.20,0.0
Tibet-Ev,2025.01.22.00,12.418131842105225
Tibet-Ev,2025.01.22.04,0.0
Tibet-Ev,2025.01.22.08,0.0
Tibet-Ev,2025.01.22.12,6.365645
Tibet-Ev,2025.01.22.16,0.0
Tibet-Ev,2025.01.22.20,0.0
Tibet-Ev,2025.02.08.00,0.0
Tibet-Ev,2025.02.08.04,0.0
Tibet-Ev,2025.02.08.08,0.0
Tibet-Ev,2025.02.08.12,6.365645
Tibet-Ev,2025.02.08.16,11.13842657894737
Tibet-Ev,2025.02.08.20,0.0
Tibet-Ev,2025.03.21.00,0.0
Tibet-Ev,2025.03.21.04,0.0
Tibet-Ev,2025.03.21.08,0.0
Tibet-Ev,2025.03.21.12,6.365645
Tibet-Ev,2025.03.21.16,11.36538236842105
Tibet-Ev,2025.03.21.20,0.0
Tibet-Ev,2025.04.11.00,0.0
Tibet-Ev,2025.04.11.04,1.7560400000000003
Tibet-Ev,2025.04.11.08,0.0
Tibet-Ev,2025.04.11.12,0.0
Tibet-Ev,2025.04.11.16,0.0
Tibet-Ev,2025.04.11.20,12.07188631578948
Tibet-Ev,2025.05.22.00,23.969946
Tibet-Ev,2025.05.22.04,1.7560400000000003
Tibet-Ev,2025.05.22.08,0.043901
Tibet-Ev,2025.05.22.12,0.0
Tibet-Ev,2025.05.22.16,0.0
Tibet-Ev,2025.05.22.20,32.398938
Tibet-Ev,2025.06.16.00,0.0
Tibet-Ev,2025.06.16.04,0.0
Tibet-Ev,2025.06.16.08,0.043901
Tibet-Ev,2025.06.16.12,0.0
Tibet-Ev,2025.06.16.16,0.0
Tibet-Ev,2025.06.16.20,15.291233736842106
Tibet-Ev,2025.07.22.00,0.34929568421051727
Tibet-Ev,2025.07.22.04,0.0
Tibet-Ev,2025.07.22.08,0.0
Tibet-Ev,2025.07.22.12,0.0
Tibet-Ev,2025.07.22.16,0.0
Tibet-Ev,2025.07.22.20,32.398938
Tibet-Ev,2025.08.19.00,0.0
Tibet-Ev,2025.08.19.04,1.7560400000000003
Tibet-Ev,2025.08.19.08,0.0
Tibet-Ev,2025.08.19.12,6.365645
Tibet-Ev,2025.08.19.16,43.46199
Tibet-Ev,2025.08.19.20,0.0
Tibet-Ev,2025.09.20.00,0.0
Tibet-Ev,2025.09.20.04,0.0
Tibet-Ev,2025.09.20.08,0.043901
Tibet-Ev,2025.09.20.12,3.832006315789472
Tibet-Ev,2025.09.20.16,15.87421057894737
Tibet-Ev,2025.09.20.20,0.0
Tibet-Ev,2025.10.26.00,0.0
Tibet-Ev,2025.10.26.04,1.7560400000000003
Tibet-Ev,2025.10.26.08,0.0
Tibet-Ev,2025.10.26.12,0.0
Tibet-Ev,2025.10.26.16,0.0
Tibet-Ev,2025.10.26.20,15.178726315789472
Tibet-Ev,2025.11.19.00,0.0
Tibet-Ev,2025.11.19.04,0.0
Tibet-Ev,2025.11.19.08,0.043901
Tibet-Ev,2025.11.19.12,6.365645
Tibet-Ev,2025.11.19.16,17.755555052631586
Tibet-Ev,2025.11.19.20,0.0
Tibet-Ev,2025.12.16.00,0.0
Tibet-Ev,2025.12.16.04,0.0
Tibet-Ev,2025.12.16.08,0.0
Tibet-Ev,2025.12.16.12,0.0
Tibet-Ev,2025.12.16.16,21.328968421052625
Tibet-Ev,2025.12.16.20,0.0
